Year	Neighborhood Code	Age	Immigrants
2017	1	0-4	154
2017	2	0-4	58
2017	3	0-4	38
2017	4	0-4	56
2017	5	0-4	79
2017	6	0-4	111
2017	7	0-4	121
2017	8	0-4	97
2017	9	0-4	123
2017	10	0-4	57
2017	11	0-4	80
2017	12	0-4	1
2017	13	0-4	71
2017	14	0-4	14
2017	15	0-4	31
2017	16	0-4	33
2017	17	0-4	49
2017	18	0-4	106
2017	19	0-4	103
2017	20	0-4	81
2017	21	0-4	36
2017	22	0-4	20
2017	23	0-4	87
2017	24	0-4	72
2017	25	0-4	59
2017	26	0-4	141
2017	27	0-4	74
2017	28	0-4	37
2017	29	0-4	18
2017	30	0-4	41
2017	31	0-4	88
2017	32	0-4	73
2017	33	0-4	48
2017	34	0-4	16
2017	35	0-4	72
2017	36	0-4	14
2017	37	0-4	66
2017	38	0-4	15
2017	39	0-4	15
2017	40	0-4	11
2017	41	0-4	11
2017	42	0-4	1
2017	43	0-4	50
2017	44	0-4	51
2017	45	0-4	66
2017	46	0-4	64
2017	47	0-4	3
2017	48	0-4	23
2017	49	0-4	6
2017	50	0-4	57
2017	51	0-4	33
2017	52	0-4	56
2017	53	0-4	22
2017	54	0-4	5
2017	55	0-4	47
2017	56	0-4	5
2017	57	0-4	40
2017	58	0-4	5
2017	59	0-4	31
2017	60	0-4	90
2017	61	0-4	45
2017	62	0-4	17
2017	63	0-4	26
2017	64	0-4	88
2017	65	0-4	43
2017	66	0-4	30
2017	67	0-4	29
2017	68	0-4	94
2017	69	0-4	68
2017	70	0-4	125
2017	71	0-4	53
2017	72	0-4	48
2017	73	0-4	70
2017	99	0-4	0
2017	1	5-9	133
2017	2	5-9	46
2017	3	5-9	26
2017	4	5-9	39
2017	5	5-9	59
2017	6	5-9	81
2017	7	5-9	75
2017	8	5-9	63
2017	9	5-9	91
2017	10	5-9	43
2017	11	5-9	60
2017	12	5-9	2
2017	13	5-9	54
2017	14	5-9	13
2017	15	5-9	22
2017	16	5-9	27
2017	17	5-9	42
2017	18	5-9	79
2017	19	5-9	71
2017	20	5-9	44
2017	21	5-9	40
2017	22	5-9	12
2017	23	5-9	61
2017	24	5-9	49
2017	25	5-9	41
2017	26	5-9	80
2017	27	5-9	54
2017	28	5-9	28
2017	29	5-9	9
2017	30	5-9	24
2017	31	5-9	58
2017	32	5-9	34
2017	33	5-9	30
2017	34	5-9	13
2017	35	5-9	39
2017	36	5-9	4
2017	37	5-9	50
2017	38	5-9	16
2017	39	5-9	15
2017	40	5-9	6
2017	41	5-9	7
2017	42	5-9	3
2017	43	5-9	33
2017	44	5-9	35
2017	45	5-9	57
2017	46	5-9	36
2017	47	5-9	2
2017	48	5-9	20
2017	49	5-9	3
2017	50	5-9	32
2017	51	5-9	36
2017	52	5-9	35
2017	53	5-9	21
2017	54	5-9	10
2017	55	5-9	42
2017	56	5-9	7
2017	57	5-9	38
2017	58	5-9	5
2017	59	5-9	28
2017	60	5-9	56
2017	61	5-9	48
2017	62	5-9	15
2017	63	5-9	24
2017	64	5-9	38
2017	65	5-9	19
2017	66	5-9	12
2017	67	5-9	21
2017	68	5-9	44
2017	69	5-9	36
2017	70	5-9	87
2017	71	5-9	23
2017	72	5-9	31
2017	73	5-9	47
2017	99	5-9	0
2017	1	10-14	117
2017	2	10-14	26
2017	3	10-14	11
2017	4	10-14	36
2017	5	10-14	42
2017	6	10-14	77
2017	7	10-14	61
2017	8	10-14	54
2017	9	10-14	51
2017	10	10-14	57
2017	11	10-14	64
2017	12	10-14	0
2017	13	10-14	66
2017	14	10-14	8
2017	15	10-14	23
2017	16	10-14	28
2017	17	10-14	42
2017	18	10-14	69
2017	19	10-14	58
2017	20	10-14	42
2017	21	10-14	66
2017	22	10-14	7
2017	23	10-14	57
2017	24	10-14	34
2017	25	10-14	81
2017	26	10-14	105
2017	27	10-14	64
2017	28	10-14	20
2017	29	10-14	21
2017	30	10-14	19
2017	31	10-14	49
2017	32	10-14	35
2017	33	10-14	36
2017	34	10-14	5
2017	35	10-14	54
2017	36	10-14	9
2017	37	10-14	42
2017	38	10-14	15
2017	39	10-14	25
2017	40	10-14	6
2017	41	10-14	7
2017	42	10-14	0
2017	43	10-14	49
2017	44	10-14	36
2017	45	10-14	54
2017	46	10-14	41
2017	47	10-14	1
2017	48	10-14	20
2017	49	10-14	5
2017	50	10-14	42
2017	51	10-14	21
2017	52	10-14	39
2017	53	10-14	21
2017	54	10-14	6
2017	55	10-14	31
2017	56	10-14	3
2017	57	10-14	28
2017	58	10-14	4
2017	59	10-14	26
2017	60	10-14	55
2017	61	10-14	47
2017	62	10-14	16
2017	63	10-14	36
2017	64	10-14	46
2017	65	10-14	32
2017	66	10-14	19
2017	67	10-14	8
2017	68	10-14	44
2017	69	10-14	27
2017	70	10-14	86
2017	71	10-14	26
2017	72	10-14	28
2017	73	10-14	44
2017	99	10-14	0
2017	1	15-19	257
2017	2	15-19	90
2017	3	15-19	44
2017	4	15-19	210
2017	5	15-19	87
2017	6	15-19	148
2017	7	15-19	107
2017	8	15-19	109
2017	9	15-19	153
2017	10	15-19	91
2017	11	15-19	173
2017	12	15-19	1
2017	13	15-19	123
2017	14	15-19	29
2017	15	15-19	54
2017	16	15-19	41
2017	17	15-19	67
2017	18	15-19	120
2017	19	15-19	116
2017	20	15-19	44
2017	21	15-19	66
2017	22	15-19	5
2017	23	15-19	76
2017	24	15-19	36
2017	25	15-19	95
2017	26	15-19	119
2017	27	15-19	61
2017	28	15-19	30
2017	29	15-19	19
2017	30	15-19	77
2017	31	15-19	109
2017	32	15-19	47
2017	33	15-19	41
2017	34	15-19	19
2017	35	15-19	75
2017	36	15-19	13
2017	37	15-19	76
2017	38	15-19	24
2017	39	15-19	47
2017	40	15-19	7
2017	41	15-19	9
2017	42	15-19	4
2017	43	15-19	70
2017	44	15-19	55
2017	45	15-19	74
2017	46	15-19	60
2017	47	15-19	6
2017	48	15-19	20
2017	49	15-19	9
2017	50	15-19	55
2017	51	15-19	47
2017	52	15-19	79
2017	53	15-19	28
2017	54	15-19	4
2017	55	15-19	55
2017	56	15-19	3
2017	57	15-19	48
2017	58	15-19	5
2017	59	15-19	45
2017	60	15-19	74
2017	61	15-19	55
2017	62	15-19	35
2017	63	15-19	47
2017	64	15-19	64
2017	65	15-19	51
2017	66	15-19	83
2017	67	15-19	15
2017	68	15-19	54
2017	69	15-19	31
2017	70	15-19	111
2017	71	15-19	31
2017	72	15-19	48
2017	73	15-19	64
2017	99	15-19	0
2017	1	20-24	864
2017	2	20-24	493
2017	3	20-24	342
2017	4	20-24	458
2017	5	20-24	324
2017	6	20-24	537
2017	7	20-24	458
2017	8	20-24	521
2017	9	20-24	552
2017	10	20-24	359
2017	11	20-24	429
2017	12	20-24	6
2017	13	20-24	177
2017	14	20-24	82
2017	15	20-24	169
2017	16	20-24	112
2017	17	20-24	201
2017	18	20-24	420
2017	19	20-24	273
2017	20	20-24	182
2017	21	20-24	57
2017	22	20-24	12
2017	23	20-24	96
2017	24	20-24	65
2017	25	20-24	126
2017	26	20-24	229
2017	27	20-24	173
2017	28	20-24	110
2017	29	20-24	53
2017	30	20-24	87
2017	31	20-24	473
2017	32	20-24	239
2017	33	20-24	151
2017	34	20-24	53
2017	35	20-24	234
2017	36	20-24	33
2017	37	20-24	200
2017	38	20-24	73
2017	39	20-24	42
2017	40	20-24	27
2017	41	20-24	14
2017	42	20-24	6
2017	43	20-24	123
2017	44	20-24	122
2017	45	20-24	161
2017	46	20-24	109
2017	47	20-24	4
2017	48	20-24	53
2017	49	20-24	14
2017	50	20-24	152
2017	51	20-24	88
2017	52	20-24	164
2017	53	20-24	64
2017	54	20-24	10
2017	55	20-24	113
2017	56	20-24	4
2017	57	20-24	80
2017	58	20-24	18
2017	59	20-24	83
2017	60	20-24	198
2017	61	20-24	161
2017	62	20-24	81
2017	63	20-24	109
2017	64	20-24	298
2017	65	20-24	175
2017	66	20-24	171
2017	67	20-24	28
2017	68	20-24	165
2017	69	20-24	47
2017	70	20-24	271
2017	71	20-24	93
2017	72	20-24	110
2017	73	20-24	130
2017	99	20-24	0
2017	1	25-29	1393
2017	2	25-29	763
2017	3	25-29	482
2017	4	25-29	795
2017	5	25-29	556
2017	6	25-29	912
2017	7	25-29	788
2017	8	25-29	927
2017	9	25-29	1092
2017	10	25-29	655
2017	11	25-29	780
2017	12	25-29	0
2017	13	25-29	228
2017	14	25-29	177
2017	15	25-29	321
2017	16	25-29	200
2017	17	25-29	303
2017	18	25-29	611
2017	19	25-29	483
2017	20	25-29	282
2017	21	25-29	95
2017	22	25-29	19
2017	23	25-29	153
2017	24	25-29	69
2017	25	25-29	153
2017	26	25-29	414
2017	27	25-29	328
2017	28	25-29	136
2017	29	25-29	82
2017	30	25-29	142
2017	31	25-29	994
2017	32	25-29	472
2017	33	25-29	287
2017	34	25-29	99
2017	35	25-29	359
2017	36	25-29	52
2017	37	25-29	272
2017	38	25-29	106
2017	39	25-29	67
2017	40	25-29	65
2017	41	25-29	28
2017	42	25-29	4
2017	43	25-29	189
2017	44	25-29	186
2017	45	25-29	235
2017	46	25-29	131
2017	47	25-29	10
2017	48	25-29	73
2017	49	25-29	11
2017	50	25-29	126
2017	51	25-29	133
2017	52	25-29	208
2017	53	25-29	76
2017	54	25-29	11
2017	55	25-29	136
2017	56	25-29	8
2017	57	25-29	106
2017	58	25-29	9
2017	59	25-29	113
2017	60	25-29	332
2017	61	25-29	268
2017	62	25-29	101
2017	63	25-29	202
2017	64	25-29	549
2017	65	25-29	298
2017	66	25-29	213
2017	67	25-29	65
2017	68	25-29	375
2017	69	25-29	93
2017	70	25-29	318
2017	71	25-29	189
2017	72	25-29	219
2017	73	25-29	191
2017	99	25-29	1
2017	1	30-34	940
2017	2	30-34	470
2017	3	30-34	314
2017	4	30-34	469
2017	5	30-34	364
2017	6	30-34	589
2017	7	30-34	530
2017	8	30-34	615
2017	9	30-34	734
2017	10	30-34	442
2017	11	30-34	555
2017	12	30-34	10
2017	13	30-34	168
2017	14	30-34	102
2017	15	30-34	205
2017	16	30-34	188
2017	17	30-34	239
2017	18	30-34	454
2017	19	30-34	331
2017	20	30-34	196
2017	21	30-34	85
2017	22	30-34	20
2017	23	30-34	140
2017	24	30-34	86
2017	25	30-34	128
2017	26	30-34	330
2017	27	30-34	229
2017	28	30-34	132
2017	29	30-34	60
2017	30	30-34	121
2017	31	30-34	760
2017	32	30-34	328
2017	33	30-34	201
2017	34	30-34	93
2017	35	30-34	306
2017	36	30-34	41
2017	37	30-34	209
2017	38	30-34	82
2017	39	30-34	28
2017	40	30-34	42
2017	41	30-34	39
2017	42	30-34	7
2017	43	30-34	161
2017	44	30-34	143
2017	45	30-34	168
2017	46	30-34	126
2017	47	30-34	3
2017	48	30-34	60
2017	49	30-34	18
2017	50	30-34	126
2017	51	30-34	85
2017	52	30-34	161
2017	53	30-34	58
2017	54	30-34	15
2017	55	30-34	116
2017	56	30-34	10
2017	57	30-34	88
2017	58	30-34	8
2017	59	30-34	82
2017	60	30-34	296
2017	61	30-34	179
2017	62	30-34	101
2017	63	30-34	177
2017	64	30-34	389
2017	65	30-34	232
2017	66	30-34	146
2017	67	30-34	58
2017	68	30-34	331
2017	69	30-34	112
2017	70	30-34	237
2017	71	30-34	174
2017	72	30-34	188
2017	73	30-34	172
2017	99	30-34	0
2017	1	35-39	594
2017	2	35-39	273
2017	3	35-39	181
2017	4	35-39	282
2017	5	35-39	249
2017	6	35-39	351
2017	7	35-39	309
2017	8	35-39	319
2017	9	35-39	406
2017	10	35-39	240
2017	11	35-39	341
2017	12	35-39	2
2017	13	35-39	164
2017	14	35-39	68
2017	15	35-39	107
2017	16	35-39	93
2017	17	35-39	165
2017	18	35-39	321
2017	19	35-39	214
2017	20	35-39	149
2017	21	35-39	66
2017	22	35-39	25
2017	23	35-39	130
2017	24	35-39	70
2017	25	35-39	115
2017	26	35-39	217
2017	27	35-39	140
2017	28	35-39	80
2017	29	35-39	31
2017	30	35-39	82
2017	31	35-39	386
2017	32	35-39	170
2017	33	35-39	163
2017	34	35-39	62
2017	35	35-39	228
2017	36	35-39	22
2017	37	35-39	166
2017	38	35-39	50
2017	39	35-39	43
2017	40	35-39	27
2017	41	35-39	16
2017	42	35-39	7
2017	43	35-39	142
2017	44	35-39	117
2017	45	35-39	153
2017	46	35-39	86
2017	47	35-39	9
2017	48	35-39	47
2017	49	35-39	16
2017	50	35-39	93
2017	51	35-39	62
2017	52	35-39	126
2017	53	35-39	43
2017	54	35-39	7
2017	55	35-39	77
2017	56	35-39	8
2017	57	35-39	67
2017	58	35-39	9
2017	59	35-39	62
2017	60	35-39	225
2017	61	35-39	173
2017	62	35-39	57
2017	63	35-39	103
2017	64	35-39	235
2017	65	35-39	141
2017	66	35-39	114
2017	67	35-39	46
2017	68	35-39	227
2017	69	35-39	121
2017	70	35-39	231
2017	71	35-39	115
2017	72	35-39	107
2017	73	35-39	122
2017	99	35-39	0
2017	1	40-44	347
2017	2	40-44	155
2017	3	40-44	101
2017	4	40-44	143
2017	5	40-44	129
2017	6	40-44	206
2017	7	40-44	193
2017	8	40-44	197
2017	9	40-44	221
2017	10	40-44	173
2017	11	40-44	205
2017	12	40-44	4
2017	13	40-44	106
2017	14	40-44	45
2017	15	40-44	69
2017	16	40-44	62
2017	17	40-44	119
2017	18	40-44	197
2017	19	40-44	199
2017	20	40-44	91
2017	21	40-44	73
2017	22	40-44	18
2017	23	40-44	128
2017	24	40-44	70
2017	25	40-44	93
2017	26	40-44	194
2017	27	40-44	109
2017	28	40-44	48
2017	29	40-44	24
2017	30	40-44	41
2017	31	40-44	219
2017	32	40-44	114
2017	33	40-44	75
2017	34	40-44	35
2017	35	40-44	125
2017	36	40-44	32
2017	37	40-44	101
2017	38	40-44	37
2017	39	40-44	20
2017	40	40-44	13
2017	41	40-44	13
2017	42	40-44	3
2017	43	40-44	96
2017	44	40-44	85
2017	45	40-44	108
2017	46	40-44	61
2017	47	40-44	3
2017	48	40-44	36
2017	49	40-44	16
2017	50	40-44	63
2017	51	40-44	48
2017	52	40-44	94
2017	53	40-44	46
2017	54	40-44	9
2017	55	40-44	65
2017	56	40-44	11
2017	57	40-44	58
2017	58	40-44	8
2017	59	40-44	67
2017	60	40-44	179
2017	61	40-44	99
2017	62	40-44	50
2017	63	40-44	85
2017	64	40-44	147
2017	65	40-44	91
2017	66	40-44	49
2017	67	40-44	43
2017	68	40-44	152
2017	69	40-44	82
2017	70	40-44	195
2017	71	40-44	71
2017	72	40-44	72
2017	73	40-44	110
2017	99	40-44	0
2017	1	45-49	229
2017	2	45-49	102
2017	3	45-49	72
2017	4	45-49	87
2017	5	45-49	90
2017	6	45-49	134
2017	7	45-49	154
2017	8	45-49	151
2017	9	45-49	164
2017	10	45-49	94
2017	11	45-49	113
2017	12	45-49	3
2017	13	45-49	101
2017	14	45-49	33
2017	15	45-49	58
2017	16	45-49	37
2017	17	45-49	68
2017	18	45-49	118
2017	19	45-49	93
2017	20	45-49	64
2017	21	45-49	57
2017	22	45-49	18
2017	23	45-49	77
2017	24	45-49	45
2017	25	45-49	80
2017	26	45-49	168
2017	27	45-49	80
2017	28	45-49	33
2017	29	45-49	13
2017	30	45-49	28
2017	31	45-49	121
2017	32	45-49	60
2017	33	45-49	56
2017	34	45-49	16
2017	35	45-49	94
2017	36	45-49	7
2017	37	45-49	67
2017	38	45-49	17
2017	39	45-49	14
2017	40	45-49	15
2017	41	45-49	11
2017	42	45-49	2
2017	43	45-49	60
2017	44	45-49	60
2017	45	45-49	108
2017	46	45-49	44
2017	47	45-49	5
2017	48	45-49	38
2017	49	45-49	8
2017	50	45-49	55
2017	51	45-49	36
2017	52	45-49	74
2017	53	45-49	23
2017	54	45-49	5
2017	55	45-49	45
2017	56	45-49	3
2017	57	45-49	36
2017	58	45-49	5
2017	59	45-49	35
2017	60	45-49	108
2017	61	45-49	66
2017	62	45-49	43
2017	63	45-49	47
2017	64	45-49	91
2017	65	45-49	71
2017	66	45-49	28
2017	67	45-49	23
2017	68	45-49	77
2017	69	45-49	38
2017	70	45-49	106
2017	71	45-49	49
2017	72	45-49	62
2017	73	45-49	72
2017	99	45-49	0
2017	1	50-54	132
2017	2	50-54	81
2017	3	50-54	53
2017	4	50-54	73
2017	5	50-54	82
2017	6	50-54	115
2017	7	50-54	114
2017	8	50-54	115
2017	9	50-54	124
2017	10	50-54	79
2017	11	50-54	100
2017	12	50-54	1
2017	13	50-54	63
2017	14	50-54	20
2017	15	50-54	29
2017	16	50-54	33
2017	17	50-54	55
2017	18	50-54	106
2017	19	50-54	79
2017	20	50-54	40
2017	21	50-54	32
2017	22	50-54	11
2017	23	50-54	58
2017	24	50-54	25
2017	25	50-54	59
2017	26	50-54	129
2017	27	50-54	61
2017	28	50-54	34
2017	29	50-54	10
2017	30	50-54	16
2017	31	50-54	83
2017	32	50-54	50
2017	33	50-54	33
2017	34	50-54	16
2017	35	50-54	86
2017	36	50-54	17
2017	37	50-54	52
2017	38	50-54	21
2017	39	50-54	24
2017	40	50-54	7
2017	41	50-54	10
2017	42	50-54	2
2017	43	50-54	41
2017	44	50-54	46
2017	45	50-54	72
2017	46	50-54	31
2017	47	50-54	6
2017	48	50-54	39
2017	49	50-54	7
2017	50	50-54	42
2017	51	50-54	20
2017	52	50-54	53
2017	53	50-54	10
2017	54	50-54	9
2017	55	50-54	49
2017	56	50-54	3
2017	57	50-54	29
2017	58	50-54	3
2017	59	50-54	30
2017	60	50-54	92
2017	61	50-54	59
2017	62	50-54	29
2017	63	50-54	31
2017	64	50-54	68
2017	65	50-54	40
2017	66	50-54	14
2017	67	50-54	22
2017	68	50-54	57
2017	69	50-54	47
2017	70	50-54	81
2017	71	50-54	50
2017	72	50-54	43
2017	73	50-54	63
2017	99	50-54	0
2017	1	55-59	95
2017	2	55-59	55
2017	3	55-59	38
2017	4	55-59	32
2017	5	55-59	46
2017	6	55-59	88
2017	7	55-59	89
2017	8	55-59	92
2017	9	55-59	79
2017	10	55-59	51
2017	11	55-59	68
2017	12	55-59	0
2017	13	55-59	51
2017	14	55-59	9
2017	15	55-59	23
2017	16	55-59	22
2017	17	55-59	48
2017	18	55-59	68
2017	19	55-59	49
2017	20	55-59	32
2017	21	55-59	22
2017	22	55-59	4
2017	23	55-59	39
2017	24	55-59	19
2017	25	55-59	31
2017	26	55-59	100
2017	27	55-59	32
2017	28	55-59	28
2017	29	55-59	8
2017	30	55-59	12
2017	31	55-59	69
2017	32	55-59	37
2017	33	55-59	44
2017	34	55-59	14
2017	35	55-59	44
2017	36	55-59	7
2017	37	55-59	35
2017	38	55-59	14
2017	39	55-59	12
2017	40	55-59	3
2017	41	55-59	10
2017	42	55-59	0
2017	43	55-59	33
2017	44	55-59	37
2017	45	55-59	54
2017	46	55-59	34
2017	47	55-59	1
2017	48	55-59	19
2017	49	55-59	7
2017	50	55-59	29
2017	51	55-59	13
2017	52	55-59	31
2017	53	55-59	14
2017	54	55-59	0
2017	55	55-59	22
2017	56	55-59	1
2017	57	55-59	24
2017	58	55-59	3
2017	59	55-59	20
2017	60	55-59	70
2017	61	55-59	39
2017	62	55-59	19
2017	63	55-59	27
2017	64	55-59	52
2017	65	55-59	29
2017	66	55-59	25
2017	67	55-59	13
2017	68	55-59	33
2017	69	55-59	27
2017	70	55-59	54
2017	71	55-59	31
2017	72	55-59	35
2017	73	55-59	39
2017	99	55-59	0
2017	1	60-64	60
2017	2	60-64	33
2017	3	60-64	30
2017	4	60-64	37
2017	5	60-64	36
2017	6	60-64	77
2017	7	60-64	73
2017	8	60-64	65
2017	9	60-64	73
2017	10	60-64	39
2017	11	60-64	55
2017	12	60-64	0
2017	13	60-64	36
2017	14	60-64	12
2017	15	60-64	22
2017	16	60-64	20
2017	17	60-64	30
2017	18	60-64	48
2017	19	60-64	62
2017	20	60-64	29
2017	21	60-64	21
2017	22	60-64	5
2017	23	60-64	26
2017	24	60-64	14
2017	25	60-64	24
2017	26	60-64	64
2017	27	60-64	31
2017	28	60-64	18
2017	29	60-64	7
2017	30	60-64	13
2017	31	60-64	47
2017	32	60-64	28
2017	33	60-64	33
2017	34	60-64	10
2017	35	60-64	39
2017	36	60-64	13
2017	37	60-64	26
2017	38	60-64	16
2017	39	60-64	10
2017	40	60-64	4
2017	41	60-64	0
2017	42	60-64	0
2017	43	60-64	21
2017	44	60-64	21
2017	45	60-64	34
2017	46	60-64	17
2017	47	60-64	1
2017	48	60-64	14
2017	49	60-64	8
2017	50	60-64	20
2017	51	60-64	11
2017	52	60-64	25
2017	53	60-64	14
2017	54	60-64	1
2017	55	60-64	19
2017	56	60-64	1
2017	57	60-64	16
2017	58	60-64	1
2017	59	60-64	15
2017	60	60-64	51
2017	61	60-64	45
2017	62	60-64	11
2017	63	60-64	21
2017	64	60-64	39
2017	65	60-64	26
2017	66	60-64	17
2017	67	60-64	12
2017	68	60-64	38
2017	69	60-64	14
2017	70	60-64	54
2017	71	60-64	24
2017	72	60-64	29
2017	73	60-64	42
2017	99	60-64	0
2017	1	65-69	35
2017	2	65-69	22
2017	3	65-69	9
2017	4	65-69	21
2017	5	65-69	27
2017	6	65-69	55
2017	7	65-69	35
2017	8	65-69	48
2017	9	65-69	77
2017	10	65-69	50
2017	11	65-69	21
2017	12	65-69	1
2017	13	65-69	31
2017	14	65-69	9
2017	15	65-69	6
2017	16	65-69	14
2017	17	65-69	15
2017	18	65-69	48
2017	19	65-69	47
2017	20	65-69	24
2017	21	65-69	15
2017	22	65-69	6
2017	23	65-69	19
2017	24	65-69	15
2017	25	65-69	22
2017	26	65-69	42
2017	27	65-69	21
2017	28	65-69	13
2017	29	65-69	3
2017	30	65-69	6
2017	31	65-69	39
2017	32	65-69	42
2017	33	65-69	28
2017	34	65-69	5
2017	35	65-69	27
2017	36	65-69	5
2017	37	65-69	18
2017	38	65-69	10
2017	39	65-69	6
2017	40	65-69	2
2017	41	65-69	0
2017	42	65-69	0
2017	43	65-69	15
2017	44	65-69	17
2017	45	65-69	18
2017	46	65-69	17
2017	47	65-69	1
2017	48	65-69	4
2017	49	65-69	3
2017	50	65-69	17
2017	51	65-69	16
2017	52	65-69	22
2017	53	65-69	8
2017	54	65-69	2
2017	55	65-69	7
2017	56	65-69	0
2017	57	65-69	7
2017	58	65-69	4
2017	59	65-69	4
2017	60	65-69	48
2017	61	65-69	28
2017	62	65-69	14
2017	63	65-69	11
2017	64	65-69	44
2017	65	65-69	16
2017	66	65-69	19
2017	67	65-69	10
2017	68	65-69	36
2017	69	65-69	16
2017	70	65-69	23
2017	71	65-69	12
2017	72	65-69	15
2017	73	65-69	31
2017	99	65-69	0
2017	1	70-74	16
2017	2	70-74	9
2017	3	70-74	6
2017	4	70-74	11
2017	5	70-74	30
2017	6	70-74	40
2017	7	70-74	26
2017	8	70-74	42
2017	9	70-74	40
2017	10	70-74	31
2017	11	70-74	16
2017	12	70-74	0
2017	13	70-74	15
2017	14	70-74	5
2017	15	70-74	4
2017	16	70-74	9
2017	17	70-74	16
2017	18	70-74	19
2017	19	70-74	30
2017	20	70-74	7
2017	21	70-74	6
2017	22	70-74	1
2017	23	70-74	16
2017	24	70-74	8
2017	25	70-74	27
2017	26	70-74	33
2017	27	70-74	20
2017	28	70-74	9
2017	29	70-74	3
2017	30	70-74	13
2017	31	70-74	21
2017	32	70-74	20
2017	33	70-74	9
2017	34	70-74	5
2017	35	70-74	24
2017	36	70-74	5
2017	37	70-74	10
2017	38	70-74	8
2017	39	70-74	10
2017	40	70-74	7
2017	41	70-74	1
2017	42	70-74	0
2017	43	70-74	18
2017	44	70-74	18
2017	45	70-74	11
2017	46	70-74	8
2017	47	70-74	1
2017	48	70-74	6
2017	49	70-74	2
2017	50	70-74	4
2017	51	70-74	9
2017	52	70-74	8
2017	53	70-74	4
2017	54	70-74	1
2017	55	70-74	5
2017	56	70-74	0
2017	57	70-74	3
2017	58	70-74	2
2017	59	70-74	8
2017	60	70-74	32
2017	61	70-74	18
2017	62	70-74	8
2017	63	70-74	16
2017	64	70-74	16
2017	65	70-74	12
2017	66	70-74	8
2017	67	70-74	8
2017	68	70-74	13
2017	69	70-74	6
2017	70	70-74	18
2017	71	70-74	14
2017	72	70-74	12
2017	73	70-74	21
2017	99	70-74	1
2017	1	75-79	12
2017	2	75-79	5
2017	3	75-79	5
2017	4	75-79	5
2017	5	75-79	14
2017	6	75-79	21
2017	7	75-79	27
2017	8	75-79	15
2017	9	75-79	33
2017	10	75-79	11
2017	11	75-79	12
2017	12	75-79	0
2017	13	75-79	15
2017	14	75-79	6
2017	15	75-79	3
2017	16	75-79	5
2017	17	75-79	9
2017	18	75-79	20
2017	19	75-79	20
2017	20	75-79	6
2017	21	75-79	10
2017	22	75-79	2
2017	23	75-79	9
2017	24	75-79	10
2017	25	75-79	15
2017	26	75-79	24
2017	27	75-79	19
2017	28	75-79	5
2017	29	75-79	2
2017	30	75-79	3
2017	31	75-79	18
2017	32	75-79	10
2017	33	75-79	13
2017	34	75-79	6
2017	35	75-79	9
2017	36	75-79	2
2017	37	75-79	6
2017	38	75-79	2
2017	39	75-79	3
2017	40	75-79	3
2017	41	75-79	4
2017	42	75-79	0
2017	43	75-79	6
2017	44	75-79	6
2017	45	75-79	7
2017	46	75-79	0
2017	47	75-79	0
2017	48	75-79	9
2017	49	75-79	1
2017	50	75-79	6
2017	51	75-79	3
2017	52	75-79	11
2017	53	75-79	2
2017	54	75-79	0
2017	55	75-79	7
2017	56	75-79	1
2017	57	75-79	3
2017	58	75-79	0
2017	59	75-79	5
2017	60	75-79	17
2017	61	75-79	11
2017	62	75-79	3
2017	63	75-79	10
2017	64	75-79	11
2017	65	75-79	7
2017	66	75-79	5
2017	67	75-79	5
2017	68	75-79	3
2017	69	75-79	2
2017	70	75-79	7
2017	71	75-79	6
2017	72	75-79	11
2017	73	75-79	12
2017	99	75-79	0
2017	1	80-84	9
2017	2	80-84	2
2017	3	80-84	6
2017	4	80-84	3
2017	5	80-84	10
2017	6	80-84	21
2017	7	80-84	16
2017	8	80-84	12
2017	9	80-84	24
2017	10	80-84	8
2017	11	80-84	8
2017	12	80-84	0
2017	13	80-84	17
2017	14	80-84	4
2017	15	80-84	7
2017	16	80-84	6
2017	17	80-84	4
2017	18	80-84	21
2017	19	80-84	23
2017	20	80-84	7
2017	21	80-84	10
2017	22	80-84	0
2017	23	80-84	17
2017	24	80-84	5
2017	25	80-84	16
2017	26	80-84	17
2017	27	80-84	10
2017	28	80-84	6
2017	29	80-84	2
2017	30	80-84	2
2017	31	80-84	19
2017	32	80-84	11
2017	33	80-84	11
2017	34	80-84	5
2017	35	80-84	12
2017	36	80-84	4
2017	37	80-84	11
2017	38	80-84	3
2017	39	80-84	2
2017	40	80-84	6
2017	41	80-84	4
2017	42	80-84	0
2017	43	80-84	6
2017	44	80-84	10
2017	45	80-84	8
2017	46	80-84	4
2017	47	80-84	1
2017	48	80-84	7
2017	49	80-84	4
2017	50	80-84	1
2017	51	80-84	2
2017	52	80-84	12
2017	53	80-84	1
2017	54	80-84	0
2017	55	80-84	1
2017	56	80-84	0
2017	57	80-84	2
2017	58	80-84	3
2017	59	80-84	3
2017	60	80-84	15
2017	61	80-84	7
2017	62	80-84	1
2017	63	80-84	7
2017	64	80-84	13
2017	65	80-84	6
2017	66	80-84	2
2017	67	80-84	2
2017	68	80-84	10
2017	69	80-84	6
2017	70	80-84	6
2017	71	80-84	8
2017	72	80-84	12
2017	73	80-84	3
2017	99	80-84	0
2017	1	85-89	8
2017	2	85-89	1
2017	3	85-89	0
2017	4	85-89	6
2017	5	85-89	5
2017	6	85-89	19
2017	7	85-89	14
2017	8	85-89	12
2017	9	85-89	15
2017	10	85-89	5
2017	11	85-89	6
2017	12	85-89	1
2017	13	85-89	8
2017	14	85-89	3
2017	15	85-89	4
2017	16	85-89	9
2017	17	85-89	1
2017	18	85-89	8
2017	19	85-89	14
2017	20	85-89	9
2017	21	85-89	3
2017	22	85-89	1
2017	23	85-89	10
2017	24	85-89	7
2017	25	85-89	6
2017	26	85-89	21
2017	27	85-89	4
2017	28	85-89	2
2017	29	85-89	4
2017	30	85-89	4
2017	31	85-89	26
2017	32	85-89	11
2017	33	85-89	13
2017	34	85-89	0
2017	35	85-89	5
2017	36	85-89	2
2017	37	85-89	5
2017	38	85-89	2
2017	39	85-89	3
2017	40	85-89	2
2017	41	85-89	1
2017	42	85-89	0
2017	43	85-89	5
2017	44	85-89	8
2017	45	85-89	5
2017	46	85-89	6
2017	47	85-89	0
2017	48	85-89	4
2017	49	85-89	2
2017	50	85-89	0
2017	51	85-89	2
2017	52	85-89	3
2017	53	85-89	3
2017	54	85-89	0
2017	55	85-89	1
2017	56	85-89	1
2017	57	85-89	0
2017	58	85-89	0
2017	59	85-89	0
2017	60	85-89	18
2017	61	85-89	3
2017	62	85-89	1
2017	63	85-89	4
2017	64	85-89	9
2017	65	85-89	11
2017	66	85-89	4
2017	67	85-89	1
2017	68	85-89	6
2017	69	85-89	4
2017	70	85-89	3
2017	71	85-89	1
2017	72	85-89	2
2017	73	85-89	6
2017	99	85-89	0
2017	1	90-94	5
2017	2	90-94	3
2017	3	90-94	0
2017	4	90-94	2
2017	5	90-94	6
2017	6	90-94	7
2017	7	90-94	9
2017	8	90-94	12
2017	9	90-94	5
2017	10	90-94	5
2017	11	90-94	1
2017	12	90-94	0
2017	13	90-94	4
2017	14	90-94	4
2017	15	90-94	2
2017	16	90-94	5
2017	17	90-94	2
2017	18	90-94	5
2017	19	90-94	8
2017	20	90-94	3
2017	21	90-94	4
2017	22	90-94	1
2017	23	90-94	7
2017	24	90-94	2
2017	25	90-94	9
2017	26	90-94	6
2017	27	90-94	4
2017	28	90-94	2
2017	29	90-94	3
2017	30	90-94	1
2017	31	90-94	7
2017	32	90-94	6
2017	33	90-94	9
2017	34	90-94	1
2017	35	90-94	2
2017	36	90-94	0
2017	37	90-94	1
2017	38	90-94	0
2017	39	90-94	0
2017	40	90-94	3
2017	41	90-94	2
2017	42	90-94	0
2017	43	90-94	9
2017	44	90-94	3
2017	45	90-94	3
2017	46	90-94	3
2017	47	90-94	0
2017	48	90-94	0
2017	49	90-94	0
2017	50	90-94	0
2017	51	90-94	1
2017	52	90-94	4
2017	53	90-94	0
2017	54	90-94	0
2017	55	90-94	0
2017	56	90-94	0
2017	57	90-94	2
2017	58	90-94	0
2017	59	90-94	1
2017	60	90-94	8
2017	61	90-94	2
2017	62	90-94	0
2017	63	90-94	3
2017	64	90-94	4
2017	65	90-94	2
2017	66	90-94	0
2017	67	90-94	1
2017	68	90-94	4
2017	69	90-94	3
2017	70	90-94	2
2017	71	90-94	4
2017	72	90-94	1
2017	73	90-94	1
2017	99	90-94	0
2017	1	95-99	0
2017	2	95-99	0
2017	3	95-99	1
2017	4	95-99	0
2017	5	95-99	2
2017	6	95-99	2
2017	7	95-99	1
2017	8	95-99	1
2017	9	95-99	4
2017	10	95-99	0
2017	11	95-99	0
2017	12	95-99	0
2017	13	95-99	1
2017	14	95-99	1
2017	15	95-99	0
2017	16	95-99	1
2017	17	95-99	1
2017	18	95-99	1
2017	19	95-99	3
2017	20	95-99	3
2017	21	95-99	0
2017	22	95-99	0
2017	23	95-99	2
2017	24	95-99	1
2017	25	95-99	1
2017	26	95-99	1
2017	27	95-99	1
2017	28	95-99	1
2017	29	95-99	0
2017	30	95-99	0
2017	31	95-99	1
2017	32	95-99	3
2017	33	95-99	4
2017	34	95-99	0
2017	35	95-99	3
2017	36	95-99	1
2017	37	95-99	1
2017	38	95-99	1
2017	39	95-99	0
2017	40	95-99	0
2017	41	95-99	0
2017	42	95-99	0
2017	43	95-99	0
2017	44	95-99	0
2017	45	95-99	2
2017	46	95-99	0
2017	47	95-99	0
2017	48	95-99	1
2017	49	95-99	0
2017	50	95-99	0
2017	51	95-99	0
2017	52	95-99	1
2017	53	95-99	0
2017	54	95-99	0
2017	55	95-99	0
2017	56	95-99	0
2017	57	95-99	0
2017	58	95-99	0
2017	59	95-99	0
2017	60	95-99	1
2017	61	95-99	1
2017	62	95-99	1
2017	63	95-99	2
2017	64	95-99	0
2017	65	95-99	0
2017	66	95-99	0
2017	67	95-99	0
2017	68	95-99	2
2017	69	95-99	0
2017	70	95-99	1
2017	71	95-99	0
2017	72	95-99	0
2017	73	95-99	0
2017	99	95-99	0
2017	1	>=100	0
2017	2	>=100	0
2017	3	>=100	0
2017	4	>=100	0
2017	5	>=100	0
2017	6	>=100	0
2017	7	>=100	0
2017	8	>=100	0
2017	9	>=100	1
2017	10	>=100	0
2017	11	>=100	0
2017	12	>=100	0
2017	13	>=100	0
2017	14	>=100	2
2017	15	>=100	0
2017	16	>=100	0
2017	17	>=100	0
2017	18	>=100	0
2017	19	>=100	0
2017	20	>=100	0
2017	21	>=100	0
2017	22	>=100	0
2017	23	>=100	0
2017	24	>=100	0
2017	25	>=100	0
2017	26	>=100	0
2017	27	>=100	0
2017	28	>=100	0
2017	29	>=100	0
2017	30	>=100	0
2017	31	>=100	0
2017	32	>=100	1
2017	33	>=100	0
2017	34	>=100	0
2017	35	>=100	0
2017	36	>=100	0
2017	37	>=100	0
2017	38	>=100	0
2017	39	>=100	0
2017	40	>=100	0
2017	41	>=100	0
2017	42	>=100	0
2017	43	>=100	0
2017	44	>=100	0
2017	45	>=100	0
2017	46	>=100	0
2017	47	>=100	0
2017	48	>=100	0
2017	49	>=100	0
2017	50	>=100	0
2017	51	>=100	0
2017	52	>=100	0
2017	53	>=100	0
2017	54	>=100	0
2017	55	>=100	0
2017	56	>=100	0
2017	57	>=100	0
2017	58	>=100	0
2017	59	>=100	0
2017	60	>=100	0
2017	61	>=100	0
2017	62	>=100	0
2017	63	>=100	0
2017	64	>=100	0
2017	65	>=100	0
2017	66	>=100	0
2017	67	>=100	0
2017	68	>=100	0
2017	69	>=100	0
2017	70	>=100	0
2017	71	>=100	0
2017	72	>=100	0
2017	73	>=100	0
2017	99	>=100	0
2016	1	0-4	210
2016	2	0-4	57
2016	3	0-4	40
2016	4	0-4	55
2016	5	0-4	67
2016	6	0-4	102
2016	7	0-4	108
2016	8	0-4	108
2016	9	0-4	106
2016	10	0-4	84
2016	11	0-4	93
2016	12	0-4	1
2016	13	0-4	89
2016	14	0-4	22
2016	15	0-4	35
2016	16	0-4	42
2016	17	0-4	55
2016	18	0-4	96
2016	19	0-4	124
2016	20	0-4	69
2016	21	0-4	45
2016	22	0-4	15
2016	23	0-4	93
2016	24	0-4	42
2016	25	0-4	65
2016	26	0-4	130
2016	27	0-4	63
2016	28	0-4	24
2016	29	0-4	14
2016	30	0-4	21
2016	31	0-4	90
2016	32	0-4	52
2016	33	0-4	43
2016	34	0-4	16
2016	35	0-4	77
2016	36	0-4	11
2016	37	0-4	52
2016	38	0-4	29
2016	39	0-4	23
2016	40	0-4	9
2016	41	0-4	14
2016	42	0-4	1
2016	43	0-4	43
2016	44	0-4	43
2016	45	0-4	70
2016	46	0-4	47
2016	47	0-4	4
2016	48	0-4	28
2016	49	0-4	11
2016	50	0-4	44
2016	51	0-4	25
2016	52	0-4	56
2016	53	0-4	18
2016	54	0-4	7
2016	55	0-4	46
2016	56	0-4	7
2016	57	0-4	34
2016	58	0-4	5
2016	59	0-4	39
2016	60	0-4	109
2016	61	0-4	71
2016	62	0-4	14
2016	63	0-4	48
2016	64	0-4	54
2016	65	0-4	46
2016	66	0-4	32
2016	67	0-4	27
2016	68	0-4	88
2016	69	0-4	59
2016	70	0-4	97
2016	71	0-4	42
2016	72	0-4	25
2016	73	0-4	44
2016	99	0-4	0
2016	1	5-9	139
2016	2	5-9	44
2016	3	5-9	19
2016	4	5-9	40
2016	5	5-9	44
2016	6	5-9	80
2016	7	5-9	63
2016	8	5-9	50
2016	9	5-9	69
2016	10	5-9	40
2016	11	5-9	78
2016	12	5-9	1
2016	13	5-9	50
2016	14	5-9	14
2016	15	5-9	28
2016	16	5-9	35
2016	17	5-9	49
2016	18	5-9	58
2016	19	5-9	62
2016	20	5-9	40
2016	21	5-9	58
2016	22	5-9	4
2016	23	5-9	74
2016	24	5-9	35
2016	25	5-9	49
2016	26	5-9	97
2016	27	5-9	55
2016	28	5-9	27
2016	29	5-9	15
2016	30	5-9	13
2016	31	5-9	52
2016	32	5-9	34
2016	33	5-9	27
2016	34	5-9	9
2016	35	5-9	60
2016	36	5-9	8
2016	37	5-9	35
2016	38	5-9	25
2016	39	5-9	12
2016	40	5-9	12
2016	41	5-9	7
2016	42	5-9	1
2016	43	5-9	40
2016	44	5-9	46
2016	45	5-9	47
2016	46	5-9	28
2016	47	5-9	3
2016	48	5-9	24
2016	49	5-9	7
2016	50	5-9	40
2016	51	5-9	24
2016	52	5-9	43
2016	53	5-9	11
2016	54	5-9	6
2016	55	5-9	26
2016	56	5-9	5
2016	57	5-9	29
2016	58	5-9	3
2016	59	5-9	27
2016	60	5-9	52
2016	61	5-9	38
2016	62	5-9	15
2016	63	5-9	29
2016	64	5-9	57
2016	65	5-9	27
2016	66	5-9	19
2016	67	5-9	14
2016	68	5-9	55
2016	69	5-9	36
2016	70	5-9	89
2016	71	5-9	25
2016	72	5-9	36
2016	73	5-9	37
2016	99	5-9	1
2016	1	10-14	121
2016	2	10-14	36
2016	3	10-14	22
2016	4	10-14	39
2016	5	10-14	31
2016	6	10-14	65
2016	7	10-14	78
2016	8	10-14	44
2016	9	10-14	88
2016	10	10-14	46
2016	11	10-14	78
2016	12	10-14	3
2016	13	10-14	46
2016	14	10-14	10
2016	15	10-14	31
2016	16	10-14	30
2016	17	10-14	52
2016	18	10-14	69
2016	19	10-14	63
2016	20	10-14	40
2016	21	10-14	58
2016	22	10-14	4
2016	23	10-14	64
2016	24	10-14	32
2016	25	10-14	92
2016	26	10-14	138
2016	27	10-14	38
2016	28	10-14	24
2016	29	10-14	16
2016	30	10-14	13
2016	31	10-14	48
2016	32	10-14	37
2016	33	10-14	16
2016	34	10-14	9
2016	35	10-14	48
2016	36	10-14	4
2016	37	10-14	50
2016	38	10-14	21
2016	39	10-14	23
2016	40	10-14	5
2016	41	10-14	6
2016	42	10-14	0
2016	43	10-14	38
2016	44	10-14	49
2016	45	10-14	61
2016	46	10-14	33
2016	47	10-14	5
2016	48	10-14	19
2016	49	10-14	5
2016	50	10-14	56
2016	51	10-14	30
2016	52	10-14	43
2016	53	10-14	11
2016	54	10-14	6
2016	55	10-14	28
2016	56	10-14	3
2016	57	10-14	26
2016	58	10-14	5
2016	59	10-14	22
2016	60	10-14	39
2016	61	10-14	44
2016	62	10-14	20
2016	63	10-14	43
2016	64	10-14	43
2016	65	10-14	24
2016	66	10-14	17
2016	67	10-14	12
2016	68	10-14	42
2016	69	10-14	17
2016	70	10-14	76
2016	71	10-14	25
2016	72	10-14	29
2016	73	10-14	44
2016	99	10-14	2
2016	1	15-19	238
2016	2	15-19	89
2016	3	15-19	50
2016	4	15-19	153
2016	5	15-19	71
2016	6	15-19	133
2016	7	15-19	102
2016	8	15-19	94
2016	9	15-19	118
2016	10	15-19	88
2016	11	15-19	166
2016	12	15-19	3
2016	13	15-19	86
2016	14	15-19	19
2016	15	15-19	41
2016	16	15-19	34
2016	17	15-19	63
2016	18	15-19	115
2016	19	15-19	95
2016	20	15-19	46
2016	21	15-19	50
2016	22	15-19	7
2016	23	15-19	90
2016	24	15-19	38
2016	25	15-19	89
2016	26	15-19	141
2016	27	15-19	42
2016	28	15-19	40
2016	29	15-19	20
2016	30	15-19	60
2016	31	15-19	89
2016	32	15-19	41
2016	33	15-19	35
2016	34	15-19	21
2016	35	15-19	70
2016	36	15-19	7
2016	37	15-19	62
2016	38	15-19	28
2016	39	15-19	41
2016	40	15-19	13
2016	41	15-19	8
2016	42	15-19	0
2016	43	15-19	63
2016	44	15-19	52
2016	45	15-19	79
2016	46	15-19	59
2016	47	15-19	9
2016	48	15-19	31
2016	49	15-19	1
2016	50	15-19	48
2016	51	15-19	32
2016	52	15-19	67
2016	53	15-19	21
2016	54	15-19	7
2016	55	15-19	67
2016	56	15-19	2
2016	57	15-19	33
2016	58	15-19	3
2016	59	15-19	25
2016	60	15-19	79
2016	61	15-19	61
2016	62	15-19	28
2016	63	15-19	44
2016	64	15-19	59
2016	65	15-19	44
2016	66	15-19	51
2016	67	15-19	19
2016	68	15-19	49
2016	69	15-19	22
2016	70	15-19	90
2016	71	15-19	42
2016	72	15-19	106
2016	73	15-19	56
2016	99	15-19	0
2016	1	20-24	767
2016	2	20-24	414
2016	3	20-24	241
2016	4	20-24	370
2016	5	20-24	300
2016	6	20-24	461
2016	7	20-24	449
2016	8	20-24	450
2016	9	20-24	500
2016	10	20-24	311
2016	11	20-24	341
2016	12	20-24	6
2016	13	20-24	144
2016	14	20-24	97
2016	15	20-24	132
2016	16	20-24	109
2016	17	20-24	199
2016	18	20-24	294
2016	19	20-24	201
2016	20	20-24	139
2016	21	20-24	51
2016	22	20-24	14
2016	23	20-24	93
2016	24	20-24	80
2016	25	20-24	113
2016	26	20-24	208
2016	27	20-24	149
2016	28	20-24	69
2016	29	20-24	45
2016	30	20-24	69
2016	31	20-24	405
2016	32	20-24	195
2016	33	20-24	121
2016	34	20-24	44
2016	35	20-24	194
2016	36	20-24	14
2016	37	20-24	147
2016	38	20-24	70
2016	39	20-24	34
2016	40	20-24	21
2016	41	20-24	21
2016	42	20-24	3
2016	43	20-24	83
2016	44	20-24	106
2016	45	20-24	138
2016	46	20-24	77
2016	47	20-24	3
2016	48	20-24	48
2016	49	20-24	12
2016	50	20-24	107
2016	51	20-24	69
2016	52	20-24	150
2016	53	20-24	40
2016	54	20-24	16
2016	55	20-24	75
2016	56	20-24	5
2016	57	20-24	60
2016	58	20-24	12
2016	59	20-24	51
2016	60	20-24	186
2016	61	20-24	146
2016	62	20-24	69
2016	63	20-24	98
2016	64	20-24	269
2016	65	20-24	147
2016	66	20-24	163
2016	67	20-24	35
2016	68	20-24	151
2016	69	20-24	36
2016	70	20-24	164
2016	71	20-24	70
2016	72	20-24	134
2016	73	20-24	101
2016	99	20-24	0
2016	1	25-29	1190
2016	2	25-29	642
2016	3	25-29	460
2016	4	25-29	649
2016	5	25-29	506
2016	6	25-29	766
2016	7	25-29	664
2016	8	25-29	773
2016	9	25-29	910
2016	10	25-29	538
2016	11	25-29	572
2016	12	25-29	7
2016	13	25-29	204
2016	14	25-29	125
2016	15	25-29	231
2016	16	25-29	157
2016	17	25-29	270
2016	18	25-29	488
2016	19	25-29	404
2016	20	25-29	244
2016	21	25-29	85
2016	22	25-29	13
2016	23	25-29	110
2016	24	25-29	63
2016	25	25-29	164
2016	26	25-29	362
2016	27	25-29	240
2016	28	25-29	118
2016	29	25-29	57
2016	30	25-29	127
2016	31	25-29	836
2016	32	25-29	380
2016	33	25-29	255
2016	34	25-29	73
2016	35	25-29	322
2016	36	25-29	36
2016	37	25-29	218
2016	38	25-29	104
2016	39	25-29	44
2016	40	25-29	49
2016	41	25-29	25
2016	42	25-29	4
2016	43	25-29	223
2016	44	25-29	160
2016	45	25-29	154
2016	46	25-29	129
2016	47	25-29	7
2016	48	25-29	68
2016	49	25-29	14
2016	50	25-29	137
2016	51	25-29	81
2016	52	25-29	192
2016	53	25-29	59
2016	54	25-29	13
2016	55	25-29	72
2016	56	25-29	6
2016	57	25-29	82
2016	58	25-29	14
2016	59	25-29	66
2016	60	25-29	278
2016	61	25-29	202
2016	62	25-29	95
2016	63	25-29	156
2016	64	25-29	409
2016	65	25-29	229
2016	66	25-29	179
2016	67	25-29	60
2016	68	25-29	314
2016	69	25-29	83
2016	70	25-29	248
2016	71	25-29	132
2016	72	25-29	165
2016	73	25-29	160
2016	99	25-29	0
2016	1	30-34	864
2016	2	30-34	345
2016	3	30-34	306
2016	4	30-34	443
2016	5	30-34	325
2016	6	30-34	521
2016	7	30-34	438
2016	8	30-34	533
2016	9	30-34	590
2016	10	30-34	389
2016	11	30-34	490
2016	12	30-34	8
2016	13	30-34	164
2016	14	30-34	95
2016	15	30-34	186
2016	16	30-34	119
2016	17	30-34	194
2016	18	30-34	390
2016	19	30-34	340
2016	20	30-34	182
2016	21	30-34	80
2016	22	30-34	23
2016	23	30-34	142
2016	24	30-34	74
2016	25	30-34	118
2016	26	30-34	282
2016	27	30-34	219
2016	28	30-34	112
2016	29	30-34	33
2016	30	30-34	99
2016	31	30-34	630
2016	32	30-34	270
2016	33	30-34	166
2016	34	30-34	46
2016	35	30-34	253
2016	36	30-34	26
2016	37	30-34	174
2016	38	30-34	82
2016	39	30-34	43
2016	40	30-34	39
2016	41	30-34	31
2016	42	30-34	1
2016	43	30-34	133
2016	44	30-34	123
2016	45	30-34	143
2016	46	30-34	85
2016	47	30-34	5
2016	48	30-34	46
2016	49	30-34	16
2016	50	30-34	117
2016	51	30-34	91
2016	52	30-34	144
2016	53	30-34	51
2016	54	30-34	18
2016	55	30-34	88
2016	56	30-34	12
2016	57	30-34	62
2016	58	30-34	11
2016	59	30-34	60
2016	60	30-34	265
2016	61	30-34	166
2016	62	30-34	82
2016	63	30-34	144
2016	64	30-34	329
2016	65	30-34	209
2016	66	30-34	133
2016	67	30-34	53
2016	68	30-34	311
2016	69	30-34	100
2016	70	30-34	227
2016	71	30-34	131
2016	72	30-34	143
2016	73	30-34	141
2016	99	30-34	0
2016	1	35-39	496
2016	2	35-39	215
2016	3	35-39	151
2016	4	35-39	264
2016	5	35-39	221
2016	6	35-39	340
2016	7	35-39	305
2016	8	35-39	297
2016	9	35-39	349
2016	10	35-39	205
2016	11	35-39	323
2016	12	35-39	2
2016	13	35-39	131
2016	14	35-39	82
2016	15	35-39	116
2016	16	35-39	110
2016	17	35-39	158
2016	18	35-39	266
2016	19	35-39	242
2016	20	35-39	124
2016	21	35-39	81
2016	22	35-39	19
2016	23	35-39	123
2016	24	35-39	51
2016	25	35-39	107
2016	26	35-39	226
2016	27	35-39	132
2016	28	35-39	72
2016	29	35-39	36
2016	30	35-39	63
2016	31	35-39	327
2016	32	35-39	161
2016	33	35-39	117
2016	34	35-39	52
2016	35	35-39	176
2016	36	35-39	21
2016	37	35-39	106
2016	38	35-39	55
2016	39	35-39	41
2016	40	35-39	28
2016	41	35-39	29
2016	42	35-39	5
2016	43	35-39	97
2016	44	35-39	102
2016	45	35-39	135
2016	46	35-39	72
2016	47	35-39	5
2016	48	35-39	56
2016	49	35-39	25
2016	50	35-39	92
2016	51	35-39	71
2016	52	35-39	119
2016	53	35-39	37
2016	54	35-39	17
2016	55	35-39	64
2016	56	35-39	8
2016	57	35-39	61
2016	58	35-39	4
2016	59	35-39	53
2016	60	35-39	193
2016	61	35-39	142
2016	62	35-39	71
2016	63	35-39	94
2016	64	35-39	207
2016	65	35-39	132
2016	66	35-39	95
2016	67	35-39	60
2016	68	35-39	224
2016	69	35-39	91
2016	70	35-39	180
2016	71	35-39	107
2016	72	35-39	98
2016	73	35-39	99
2016	99	35-39	1
2016	1	40-44	322
2016	2	40-44	118
2016	3	40-44	90
2016	4	40-44	144
2016	5	40-44	111
2016	6	40-44	195
2016	7	40-44	192
2016	8	40-44	166
2016	9	40-44	231
2016	10	40-44	139
2016	11	40-44	176
2016	12	40-44	2
2016	13	40-44	113
2016	14	40-44	38
2016	15	40-44	73
2016	16	40-44	80
2016	17	40-44	102
2016	18	40-44	161
2016	19	40-44	149
2016	20	40-44	75
2016	21	40-44	70
2016	22	40-44	16
2016	23	40-44	106
2016	24	40-44	68
2016	25	40-44	91
2016	26	40-44	184
2016	27	40-44	91
2016	28	40-44	53
2016	29	40-44	31
2016	30	40-44	26
2016	31	40-44	169
2016	32	40-44	95
2016	33	40-44	66
2016	34	40-44	31
2016	35	40-44	122
2016	36	40-44	21
2016	37	40-44	99
2016	38	40-44	38
2016	39	40-44	17
2016	40	40-44	9
2016	41	40-44	13
2016	42	40-44	5
2016	43	40-44	70
2016	44	40-44	77
2016	45	40-44	108
2016	46	40-44	37
2016	47	40-44	5
2016	48	40-44	51
2016	49	40-44	10
2016	50	40-44	63
2016	51	40-44	38
2016	52	40-44	74
2016	53	40-44	31
2016	54	40-44	10
2016	55	40-44	57
2016	56	40-44	2
2016	57	40-44	54
2016	58	40-44	8
2016	59	40-44	43
2016	60	40-44	134
2016	61	40-44	86
2016	62	40-44	38
2016	63	40-44	70
2016	64	40-44	146
2016	65	40-44	72
2016	66	40-44	59
2016	67	40-44	37
2016	68	40-44	146
2016	69	40-44	72
2016	70	40-44	126
2016	71	40-44	66
2016	72	40-44	57
2016	73	40-44	89
2016	99	40-44	0
2016	1	45-49	213
2016	2	45-49	68
2016	3	45-49	47
2016	4	45-49	71
2016	5	45-49	81
2016	6	45-49	131
2016	7	45-49	133
2016	8	45-49	109
2016	9	45-49	128
2016	10	45-49	78
2016	11	45-49	122
2016	12	45-49	1
2016	13	45-49	78
2016	14	45-49	33
2016	15	45-49	56
2016	16	45-49	37
2016	17	45-49	58
2016	18	45-49	107
2016	19	45-49	101
2016	20	45-49	63
2016	21	45-49	45
2016	22	45-49	6
2016	23	45-49	72
2016	24	45-49	37
2016	25	45-49	49
2016	26	45-49	148
2016	27	45-49	62
2016	28	45-49	37
2016	29	45-49	19
2016	30	45-49	20
2016	31	45-49	103
2016	32	45-49	65
2016	33	45-49	47
2016	34	45-49	22
2016	35	45-49	96
2016	36	45-49	11
2016	37	45-49	54
2016	38	45-49	21
2016	39	45-49	19
2016	40	45-49	6
2016	41	45-49	14
2016	42	45-49	0
2016	43	45-49	49
2016	44	45-49	43
2016	45	45-49	71
2016	46	45-49	40
2016	47	45-49	2
2016	48	45-49	31
2016	49	45-49	4
2016	50	45-49	47
2016	51	45-49	28
2016	52	45-49	62
2016	53	45-49	15
2016	54	45-49	10
2016	55	45-49	31
2016	56	45-49	3
2016	57	45-49	39
2016	58	45-49	10
2016	59	45-49	33
2016	60	45-49	96
2016	61	45-49	61
2016	62	45-49	33
2016	63	45-49	49
2016	64	45-49	92
2016	65	45-49	58
2016	66	45-49	39
2016	67	45-49	17
2016	68	45-49	80
2016	69	45-49	45
2016	70	45-49	94
2016	71	45-49	43
2016	72	45-49	51
2016	73	45-49	79
2016	99	45-49	3
2016	1	50-54	132
2016	2	50-54	55
2016	3	50-54	33
2016	4	50-54	51
2016	5	50-54	67
2016	6	50-54	101
2016	7	50-54	118
2016	8	50-54	78
2016	9	50-54	105
2016	10	50-54	74
2016	11	50-54	94
2016	12	50-54	1
2016	13	50-54	59
2016	14	50-54	12
2016	15	50-54	26
2016	16	50-54	29
2016	17	50-54	39
2016	18	50-54	87
2016	19	50-54	59
2016	20	50-54	45
2016	21	50-54	36
2016	22	50-54	7
2016	23	50-54	50
2016	24	50-54	32
2016	25	50-54	46
2016	26	50-54	122
2016	27	50-54	47
2016	28	50-54	27
2016	29	50-54	9
2016	30	50-54	18
2016	31	50-54	85
2016	32	50-54	39
2016	33	50-54	29
2016	34	50-54	14
2016	35	50-54	57
2016	36	50-54	6
2016	37	50-54	54
2016	38	50-54	19
2016	39	50-54	12
2016	40	50-54	7
2016	41	50-54	9
2016	42	50-54	1
2016	43	50-54	45
2016	44	50-54	40
2016	45	50-54	46
2016	46	50-54	32
2016	47	50-54	6
2016	48	50-54	17
2016	49	50-54	7
2016	50	50-54	25
2016	51	50-54	27
2016	52	50-54	48
2016	53	50-54	14
2016	54	50-54	10
2016	55	50-54	30
2016	56	50-54	0
2016	57	50-54	28
2016	58	50-54	4
2016	59	50-54	18
2016	60	50-54	72
2016	61	50-54	46
2016	62	50-54	25
2016	63	50-54	40
2016	64	50-54	64
2016	65	50-54	46
2016	66	50-54	15
2016	67	50-54	15
2016	68	50-54	49
2016	69	50-54	31
2016	70	50-54	69
2016	71	50-54	40
2016	72	50-54	50
2016	73	50-54	48
2016	99	50-54	0
2016	1	55-59	96
2016	2	55-59	41
2016	3	55-59	29
2016	4	55-59	36
2016	5	55-59	55
2016	6	55-59	68
2016	7	55-59	73
2016	8	55-59	60
2016	9	55-59	87
2016	10	55-59	51
2016	11	55-59	75
2016	12	55-59	0
2016	13	55-59	37
2016	14	55-59	11
2016	15	55-59	20
2016	16	55-59	35
2016	17	55-59	29
2016	18	55-59	56
2016	19	55-59	47
2016	20	55-59	37
2016	21	55-59	32
2016	22	55-59	9
2016	23	55-59	37
2016	24	55-59	18
2016	25	55-59	23
2016	26	55-59	60
2016	27	55-59	28
2016	28	55-59	27
2016	29	55-59	10
2016	30	55-59	18
2016	31	55-59	69
2016	32	55-59	19
2016	33	55-59	36
2016	34	55-59	8
2016	35	55-59	46
2016	36	55-59	8
2016	37	55-59	26
2016	38	55-59	14
2016	39	55-59	11
2016	40	55-59	5
2016	41	55-59	4
2016	42	55-59	0
2016	43	55-59	24
2016	44	55-59	34
2016	45	55-59	39
2016	46	55-59	26
2016	47	55-59	5
2016	48	55-59	10
2016	49	55-59	4
2016	50	55-59	26
2016	51	55-59	23
2016	52	55-59	28
2016	53	55-59	14
2016	54	55-59	3
2016	55	55-59	16
2016	56	55-59	3
2016	57	55-59	13
2016	58	55-59	3
2016	59	55-59	19
2016	60	55-59	66
2016	61	55-59	28
2016	62	55-59	18
2016	63	55-59	32
2016	64	55-59	50
2016	65	55-59	29
2016	66	55-59	17
2016	67	55-59	15
2016	68	55-59	28
2016	69	55-59	25
2016	70	55-59	36
2016	71	55-59	31
2016	72	55-59	37
2016	73	55-59	34
2016	99	55-59	0
2016	1	60-64	84
2016	2	60-64	32
2016	3	60-64	29
2016	4	60-64	26
2016	5	60-64	32
2016	6	60-64	57
2016	7	60-64	61
2016	8	60-64	45
2016	9	60-64	56
2016	10	60-64	37
2016	11	60-64	35
2016	12	60-64	0
2016	13	60-64	27
2016	14	60-64	15
2016	15	60-64	13
2016	16	60-64	29
2016	17	60-64	24
2016	18	60-64	39
2016	19	60-64	47
2016	20	60-64	28
2016	21	60-64	13
2016	22	60-64	10
2016	23	60-64	17
2016	24	60-64	12
2016	25	60-64	20
2016	26	60-64	49
2016	27	60-64	33
2016	28	60-64	13
2016	29	60-64	8
2016	30	60-64	10
2016	31	60-64	48
2016	32	60-64	37
2016	33	60-64	24
2016	34	60-64	6
2016	35	60-64	27
2016	36	60-64	9
2016	37	60-64	23
2016	38	60-64	5
2016	39	60-64	6
2016	40	60-64	8
2016	41	60-64	10
2016	42	60-64	1
2016	43	60-64	18
2016	44	60-64	18
2016	45	60-64	27
2016	46	60-64	19
2016	47	60-64	2
2016	48	60-64	8
2016	49	60-64	5
2016	50	60-64	16
2016	51	60-64	8
2016	52	60-64	14
2016	53	60-64	8
2016	54	60-64	1
2016	55	60-64	9
2016	56	60-64	2
2016	57	60-64	10
2016	58	60-64	1
2016	59	60-64	9
2016	60	60-64	40
2016	61	60-64	29
2016	62	60-64	12
2016	63	60-64	18
2016	64	60-64	41
2016	65	60-64	30
2016	66	60-64	12
2016	67	60-64	8
2016	68	60-64	22
2016	69	60-64	9
2016	70	60-64	31
2016	71	60-64	19
2016	72	60-64	36
2016	73	60-64	24
2016	99	60-64	2
2016	1	65-69	55
2016	2	65-69	21
2016	3	65-69	10
2016	4	65-69	11
2016	5	65-69	20
2016	6	65-69	42
2016	7	65-69	54
2016	8	65-69	40
2016	9	65-69	55
2016	10	65-69	25
2016	11	65-69	40
2016	12	65-69	0
2016	13	65-69	19
2016	14	65-69	7
2016	15	65-69	14
2016	16	65-69	20
2016	17	65-69	20
2016	18	65-69	36
2016	19	65-69	34
2016	20	65-69	27
2016	21	65-69	13
2016	22	65-69	2
2016	23	65-69	18
2016	24	65-69	11
2016	25	65-69	25
2016	26	65-69	38
2016	27	65-69	25
2016	28	65-69	11
2016	29	65-69	9
2016	30	65-69	14
2016	31	65-69	32
2016	32	65-69	26
2016	33	65-69	19
2016	34	65-69	5
2016	35	65-69	22
2016	36	65-69	5
2016	37	65-69	23
2016	38	65-69	3
2016	39	65-69	4
2016	40	65-69	3
2016	41	65-69	6
2016	42	65-69	0
2016	43	65-69	10
2016	44	65-69	22
2016	45	65-69	15
2016	46	65-69	15
2016	47	65-69	2
2016	48	65-69	4
2016	49	65-69	2
2016	50	65-69	17
2016	51	65-69	10
2016	52	65-69	18
2016	53	65-69	9
2016	54	65-69	1
2016	55	65-69	4
2016	56	65-69	0
2016	57	65-69	5
2016	58	65-69	1
2016	59	65-69	7
2016	60	65-69	48
2016	61	65-69	20
2016	62	65-69	9
2016	63	65-69	21
2016	64	65-69	27
2016	65	65-69	19
2016	66	65-69	9
2016	67	65-69	6
2016	68	65-69	25
2016	69	65-69	19
2016	70	65-69	22
2016	71	65-69	10
2016	72	65-69	17
2016	73	65-69	13
2016	99	65-69	0
2016	1	70-74	28
2016	2	70-74	10
2016	3	70-74	13
2016	4	70-74	12
2016	5	70-74	24
2016	6	70-74	35
2016	7	70-74	34
2016	8	70-74	22
2016	9	70-74	31
2016	10	70-74	11
2016	11	70-74	14
2016	12	70-74	0
2016	13	70-74	15
2016	14	70-74	6
2016	15	70-74	12
2016	16	70-74	13
2016	17	70-74	17
2016	18	70-74	19
2016	19	70-74	20
2016	20	70-74	17
2016	21	70-74	4
2016	22	70-74	1
2016	23	70-74	9
2016	24	70-74	9
2016	25	70-74	16
2016	26	70-74	23
2016	27	70-74	14
2016	28	70-74	10
2016	29	70-74	5
2016	30	70-74	9
2016	31	70-74	23
2016	32	70-74	21
2016	33	70-74	16
2016	34	70-74	7
2016	35	70-74	13
2016	36	70-74	2
2016	37	70-74	10
2016	38	70-74	8
2016	39	70-74	6
2016	40	70-74	7
2016	41	70-74	5
2016	42	70-74	1
2016	43	70-74	5
2016	44	70-74	11
2016	45	70-74	11
2016	46	70-74	9
2016	47	70-74	1
2016	48	70-74	8
2016	49	70-74	2
2016	50	70-74	6
2016	51	70-74	7
2016	52	70-74	14
2016	53	70-74	2
2016	54	70-74	0
2016	55	70-74	5
2016	56	70-74	1
2016	57	70-74	2
2016	58	70-74	0
2016	59	70-74	5
2016	60	70-74	19
2016	61	70-74	12
2016	62	70-74	10
2016	63	70-74	11
2016	64	70-74	16
2016	65	70-74	17
2016	66	70-74	3
2016	67	70-74	3
2016	68	70-74	11
2016	69	70-74	9
2016	70	70-74	11
2016	71	70-74	5
2016	72	70-74	14
2016	73	70-74	12
2016	99	70-74	0
2016	1	75-79	10
2016	2	75-79	5
2016	3	75-79	2
2016	4	75-79	7
2016	5	75-79	18
2016	6	75-79	14
2016	7	75-79	15
2016	8	75-79	9
2016	9	75-79	22
2016	10	75-79	12
2016	11	75-79	11
2016	12	75-79	0
2016	13	75-79	11
2016	14	75-79	5
2016	15	75-79	3
2016	16	75-79	1
2016	17	75-79	15
2016	18	75-79	17
2016	19	75-79	14
2016	20	75-79	12
2016	21	75-79	5
2016	22	75-79	0
2016	23	75-79	9
2016	24	75-79	2
2016	25	75-79	14
2016	26	75-79	26
2016	27	75-79	13
2016	28	75-79	3
2016	29	75-79	3
2016	30	75-79	11
2016	31	75-79	17
2016	32	75-79	10
2016	33	75-79	9
2016	34	75-79	7
2016	35	75-79	19
2016	36	75-79	3
2016	37	75-79	4
2016	38	75-79	6
2016	39	75-79	2
2016	40	75-79	1
2016	41	75-79	4
2016	42	75-79	0
2016	43	75-79	12
2016	44	75-79	12
2016	45	75-79	12
2016	46	75-79	6
2016	47	75-79	3
2016	48	75-79	5
2016	49	75-79	1
2016	50	75-79	5
2016	51	75-79	6
2016	52	75-79	8
2016	53	75-79	2
2016	54	75-79	0
2016	55	75-79	4
2016	56	75-79	1
2016	57	75-79	3
2016	58	75-79	0
2016	59	75-79	1
2016	60	75-79	35
2016	61	75-79	9
2016	62	75-79	6
2016	63	75-79	9
2016	64	75-79	13
2016	65	75-79	10
2016	66	75-79	5
2016	67	75-79	2
2016	68	75-79	11
2016	69	75-79	9
2016	70	75-79	7
2016	71	75-79	6
2016	72	75-79	13
2016	73	75-79	12
2016	99	75-79	0
2016	1	80-84	7
2016	2	80-84	3
2016	3	80-84	3
2016	4	80-84	3
2016	5	80-84	10
2016	6	80-84	9
2016	7	80-84	27
2016	8	80-84	19
2016	9	80-84	16
2016	10	80-84	9
2016	11	80-84	13
2016	12	80-84	0
2016	13	80-84	12
2016	14	80-84	5
2016	15	80-84	2
2016	16	80-84	4
2016	17	80-84	3
2016	18	80-84	10
2016	19	80-84	23
2016	20	80-84	9
2016	21	80-84	6
2016	22	80-84	0
2016	23	80-84	6
2016	24	80-84	4
2016	25	80-84	17
2016	26	80-84	18
2016	27	80-84	8
2016	28	80-84	5
2016	29	80-84	2
2016	30	80-84	10
2016	31	80-84	21
2016	32	80-84	11
2016	33	80-84	14
2016	34	80-84	2
2016	35	80-84	13
2016	36	80-84	3
2016	37	80-84	5
2016	38	80-84	3
2016	39	80-84	6
2016	40	80-84	3
2016	41	80-84	2
2016	42	80-84	0
2016	43	80-84	7
2016	44	80-84	5
2016	45	80-84	3
2016	46	80-84	2
2016	47	80-84	1
2016	48	80-84	3
2016	49	80-84	2
2016	50	80-84	4
2016	51	80-84	2
2016	52	80-84	8
2016	53	80-84	2
2016	54	80-84	0
2016	55	80-84	2
2016	56	80-84	2
2016	57	80-84	3
2016	58	80-84	0
2016	59	80-84	6
2016	60	80-84	21
2016	61	80-84	6
2016	62	80-84	5
2016	63	80-84	4
2016	64	80-84	8
2016	65	80-84	4
2016	66	80-84	4
2016	67	80-84	4
2016	68	80-84	3
2016	69	80-84	2
2016	70	80-84	4
2016	71	80-84	4
2016	72	80-84	15
2016	73	80-84	7
2016	99	80-84	0
2016	1	85-89	1
2016	2	85-89	2
2016	3	85-89	2
2016	4	85-89	1
2016	5	85-89	5
2016	6	85-89	23
2016	7	85-89	18
2016	8	85-89	8
2016	9	85-89	18
2016	10	85-89	6
2016	11	85-89	8
2016	12	85-89	0
2016	13	85-89	9
2016	14	85-89	3
2016	15	85-89	2
2016	16	85-89	1
2016	17	85-89	13
2016	18	85-89	10
2016	19	85-89	13
2016	20	85-89	11
2016	21	85-89	2
2016	22	85-89	0
2016	23	85-89	11
2016	24	85-89	1
2016	25	85-89	15
2016	26	85-89	8
2016	27	85-89	9
2016	28	85-89	3
2016	29	85-89	0
2016	30	85-89	5
2016	31	85-89	7
2016	32	85-89	5
2016	33	85-89	13
2016	34	85-89	1
2016	35	85-89	6
2016	36	85-89	6
2016	37	85-89	7
2016	38	85-89	2
2016	39	85-89	2
2016	40	85-89	4
2016	41	85-89	0
2016	42	85-89	0
2016	43	85-89	6
2016	44	85-89	6
2016	45	85-89	4
2016	46	85-89	1
2016	47	85-89	0
2016	48	85-89	4
2016	49	85-89	1
2016	50	85-89	1
2016	51	85-89	2
2016	52	85-89	9
2016	53	85-89	0
2016	54	85-89	0
2016	55	85-89	1
2016	56	85-89	1
2016	57	85-89	0
2016	58	85-89	0
2016	59	85-89	0
2016	60	85-89	7
2016	61	85-89	10
2016	62	85-89	0
2016	63	85-89	2
2016	64	85-89	5
2016	65	85-89	9
2016	66	85-89	4
2016	67	85-89	3
2016	68	85-89	6
2016	69	85-89	4
2016	70	85-89	2
2016	71	85-89	5
2016	72	85-89	9
2016	73	85-89	4
2016	99	85-89	0
2016	1	90-94	1
2016	2	90-94	1
2016	3	90-94	0
2016	4	90-94	2
2016	5	90-94	5
2016	6	90-94	10
2016	7	90-94	10
2016	8	90-94	5
2016	9	90-94	5
2016	10	90-94	1
2016	11	90-94	0
2016	12	90-94	0
2016	13	90-94	6
2016	14	90-94	1
2016	15	90-94	1
2016	16	90-94	1
2016	17	90-94	6
2016	18	90-94	4
2016	19	90-94	7
2016	20	90-94	2
2016	21	90-94	0
2016	22	90-94	0
2016	23	90-94	6
2016	24	90-94	3
2016	25	90-94	8
2016	26	90-94	8
2016	27	90-94	2
2016	28	90-94	2
2016	29	90-94	0
2016	30	90-94	3
2016	31	90-94	4
2016	32	90-94	5
2016	33	90-94	4
2016	34	90-94	1
2016	35	90-94	4
2016	36	90-94	1
2016	37	90-94	3
2016	38	90-94	3
2016	39	90-94	0
2016	40	90-94	2
2016	41	90-94	3
2016	42	90-94	0
2016	43	90-94	3
2016	44	90-94	7
2016	45	90-94	3
2016	46	90-94	0
2016	47	90-94	0
2016	48	90-94	3
2016	49	90-94	0
2016	50	90-94	0
2016	51	90-94	1
2016	52	90-94	1
2016	53	90-94	0
2016	54	90-94	0
2016	55	90-94	0
2016	56	90-94	0
2016	57	90-94	1
2016	58	90-94	0
2016	59	90-94	0
2016	60	90-94	7
2016	61	90-94	2
2016	62	90-94	0
2016	63	90-94	1
2016	64	90-94	3
2016	65	90-94	5
2016	66	90-94	0
2016	67	90-94	1
2016	68	90-94	4
2016	69	90-94	0
2016	70	90-94	0
2016	71	90-94	1
2016	72	90-94	2
2016	73	90-94	2
2016	99	90-94	0
2016	1	95-99	2
2016	2	95-99	0
2016	3	95-99	1
2016	4	95-99	0
2016	5	95-99	1
2016	6	95-99	1
2016	7	95-99	1
2016	8	95-99	1
2016	9	95-99	2
2016	10	95-99	1
2016	11	95-99	0
2016	12	95-99	0
2016	13	95-99	1
2016	14	95-99	0
2016	15	95-99	1
2016	16	95-99	1
2016	17	95-99	0
2016	18	95-99	0
2016	19	95-99	1
2016	20	95-99	0
2016	21	95-99	1
2016	22	95-99	0
2016	23	95-99	1
2016	24	95-99	0
2016	25	95-99	2
2016	26	95-99	1
2016	27	95-99	1
2016	28	95-99	2
2016	29	95-99	0
2016	30	95-99	0
2016	31	95-99	0
2016	32	95-99	1
2016	33	95-99	3
2016	34	95-99	0
2016	35	95-99	1
2016	36	95-99	0
2016	37	95-99	1
2016	38	95-99	0
2016	39	95-99	1
2016	40	95-99	0
2016	41	95-99	0
2016	42	95-99	0
2016	43	95-99	0
2016	44	95-99	0
2016	45	95-99	0
2016	46	95-99	0
2016	47	95-99	0
2016	48	95-99	0
2016	49	95-99	0
2016	50	95-99	1
2016	51	95-99	1
2016	52	95-99	1
2016	53	95-99	0
2016	54	95-99	0
2016	55	95-99	1
2016	56	95-99	2
2016	57	95-99	0
2016	58	95-99	0
2016	59	95-99	0
2016	60	95-99	3
2016	61	95-99	0
2016	62	95-99	0
2016	63	95-99	0
2016	64	95-99	2
2016	65	95-99	1
2016	66	95-99	0
2016	67	95-99	0
2016	68	95-99	1
2016	69	95-99	0
2016	70	95-99	2
2016	71	95-99	1
2016	72	95-99	0
2016	73	95-99	1
2016	99	95-99	0
2016	1	>=100	0
2016	2	>=100	0
2016	3	>=100	0
2016	4	>=100	0
2016	5	>=100	0
2016	6	>=100	1
2016	7	>=100	0
2016	8	>=100	0
2016	9	>=100	0
2016	10	>=100	1
2016	11	>=100	0
2016	12	>=100	0
2016	13	>=100	0
2016	14	>=100	0
2016	15	>=100	0
2016	16	>=100	0
2016	17	>=100	0
2016	18	>=100	0
2016	19	>=100	1
2016	20	>=100	0
2016	21	>=100	0
2016	22	>=100	0
2016	23	>=100	0
2016	24	>=100	0
2016	25	>=100	0
2016	26	>=100	0
2016	27	>=100	0
2016	28	>=100	0
2016	29	>=100	0
2016	30	>=100	0
2016	31	>=100	0
2016	32	>=100	1
2016	33	>=100	0
2016	34	>=100	0
2016	35	>=100	0
2016	36	>=100	0
2016	37	>=100	0
2016	38	>=100	0
2016	39	>=100	0
2016	40	>=100	0
2016	41	>=100	0
2016	42	>=100	0
2016	43	>=100	0
2016	44	>=100	0
2016	45	>=100	0
2016	46	>=100	0
2016	47	>=100	0
2016	48	>=100	0
2016	49	>=100	0
2016	50	>=100	0
2016	51	>=100	0
2016	52	>=100	0
2016	53	>=100	0
2016	54	>=100	0
2016	55	>=100	0
2016	56	>=100	0
2016	57	>=100	0
2016	58	>=100	0
2016	59	>=100	0
2016	60	>=100	1
2016	61	>=100	0
2016	62	>=100	0
2016	63	>=100	0
2016	64	>=100	0
2016	65	>=100	1
2016	66	>=100	0
2016	67	>=100	0
2016	68	>=100	0
2016	69	>=100	0
2016	70	>=100	0
2016	71	>=100	0
2016	72	>=100	0
2016	73	>=100	0
2016	99	>=100	0
2015	1	0-4	165
2015	2	0-4	49
2015	3	0-4	36
2015	4	0-4	64
2015	5	0-4	78
2015	6	0-4	101
2015	7	0-4	94
2015	8	0-4	73
2015	9	0-4	111
2015	10	0-4	68
2015	11	0-4	81
2015	12	0-4	6
2015	13	0-4	64
2015	14	0-4	33
2015	15	0-4	36
2015	16	0-4	46
2015	17	0-4	39
2015	18	0-4	79
2015	19	0-4	113
2015	20	0-4	84
2015	21	0-4	53
2015	22	0-4	20
2015	23	0-4	81
2015	24	0-4	51
2015	25	0-4	72
2015	26	0-4	96
2015	27	0-4	67
2015	28	0-4	25
2015	29	0-4	21
2015	30	0-4	21
2015	31	0-4	93
2015	32	0-4	53
2015	33	0-4	46
2015	34	0-4	10
2015	35	0-4	55
2015	36	0-4	14
2015	37	0-4	55
2015	38	0-4	24
2015	39	0-4	12
2015	40	0-4	10
2015	41	0-4	10
2015	42	0-4	2
2015	43	0-4	42
2015	44	0-4	40
2015	45	0-4	40
2015	46	0-4	31
2015	47	0-4	2
2015	48	0-4	19
2015	49	0-4	11
2015	50	0-4	36
2015	51	0-4	22
2015	52	0-4	53
2015	53	0-4	25
2015	54	0-4	15
2015	55	0-4	26
2015	56	0-4	8
2015	57	0-4	39
2015	58	0-4	15
2015	59	0-4	36
2015	60	0-4	84
2015	61	0-4	46
2015	62	0-4	27
2015	63	0-4	51
2015	64	0-4	69
2015	65	0-4	45
2015	66	0-4	30
2015	67	0-4	41
2015	68	0-4	88
2015	69	0-4	61
2015	70	0-4	101
2015	71	0-4	52
2015	72	0-4	41
2015	73	0-4	51
2015	99	0-4	1
2015	1	5-9	149
2015	2	5-9	35
2015	3	5-9	15
2015	4	5-9	41
2015	5	5-9	56
2015	6	5-9	62
2015	7	5-9	67
2015	8	5-9	68
2015	9	5-9	75
2015	10	5-9	57
2015	11	5-9	66
2015	12	5-9	5
2015	13	5-9	52
2015	14	5-9	15
2015	15	5-9	34
2015	16	5-9	32
2015	17	5-9	46
2015	18	5-9	76
2015	19	5-9	62
2015	20	5-9	34
2015	21	5-9	62
2015	22	5-9	14
2015	23	5-9	70
2015	24	5-9	47
2015	25	5-9	51
2015	26	5-9	101
2015	27	5-9	49
2015	28	5-9	20
2015	29	5-9	16
2015	30	5-9	7
2015	31	5-9	76
2015	32	5-9	45
2015	33	5-9	41
2015	34	5-9	12
2015	35	5-9	47
2015	36	5-9	6
2015	37	5-9	42
2015	38	5-9	9
2015	39	5-9	4
2015	40	5-9	9
2015	41	5-9	6
2015	42	5-9	0
2015	43	5-9	36
2015	44	5-9	34
2015	45	5-9	29
2015	46	5-9	35
2015	47	5-9	1
2015	48	5-9	15
2015	49	5-9	7
2015	50	5-9	38
2015	51	5-9	26
2015	52	5-9	39
2015	53	5-9	16
2015	54	5-9	13
2015	55	5-9	26
2015	56	5-9	4
2015	57	5-9	39
2015	58	5-9	9
2015	59	5-9	23
2015	60	5-9	73
2015	61	5-9	40
2015	62	5-9	14
2015	63	5-9	34
2015	64	5-9	45
2015	65	5-9	36
2015	66	5-9	24
2015	67	5-9	18
2015	68	5-9	52
2015	69	5-9	28
2015	70	5-9	71
2015	71	5-9	31
2015	72	5-9	26
2015	73	5-9	60
2015	99	5-9	0
2015	1	10-14	94
2015	2	10-14	28
2015	3	10-14	18
2015	4	10-14	33
2015	5	10-14	42
2015	6	10-14	71
2015	7	10-14	60
2015	8	10-14	61
2015	9	10-14	91
2015	10	10-14	47
2015	11	10-14	70
2015	12	10-14	4
2015	13	10-14	70
2015	14	10-14	21
2015	15	10-14	37
2015	16	10-14	33
2015	17	10-14	49
2015	18	10-14	84
2015	19	10-14	63
2015	20	10-14	39
2015	21	10-14	50
2015	22	10-14	13
2015	23	10-14	87
2015	24	10-14	38
2015	25	10-14	45
2015	26	10-14	104
2015	27	10-14	49
2015	28	10-14	20
2015	29	10-14	15
2015	30	10-14	16
2015	31	10-14	52
2015	32	10-14	32
2015	33	10-14	29
2015	34	10-14	8
2015	35	10-14	59
2015	36	10-14	11
2015	37	10-14	30
2015	38	10-14	16
2015	39	10-14	8
2015	40	10-14	4
2015	41	10-14	9
2015	42	10-14	0
2015	43	10-14	44
2015	44	10-14	41
2015	45	10-14	27
2015	46	10-14	28
2015	47	10-14	4
2015	48	10-14	18
2015	49	10-14	9
2015	50	10-14	38
2015	51	10-14	20
2015	52	10-14	45
2015	53	10-14	16
2015	54	10-14	5
2015	55	10-14	28
2015	56	10-14	4
2015	57	10-14	30
2015	58	10-14	2
2015	59	10-14	20
2015	60	10-14	50
2015	61	10-14	34
2015	62	10-14	19
2015	63	10-14	28
2015	64	10-14	43
2015	65	10-14	37
2015	66	10-14	13
2015	67	10-14	11
2015	68	10-14	50
2015	69	10-14	20
2015	70	10-14	68
2015	71	10-14	39
2015	72	10-14	35
2015	73	10-14	54
2015	99	10-14	0
2015	1	15-19	232
2015	2	15-19	77
2015	3	15-19	44
2015	4	15-19	93
2015	5	15-19	66
2015	6	15-19	93
2015	7	15-19	96
2015	8	15-19	109
2015	9	15-19	105
2015	10	15-19	82
2015	11	15-19	125
2015	12	15-19	2
2015	13	15-19	87
2015	14	15-19	32
2015	15	15-19	45
2015	16	15-19	28
2015	17	15-19	59
2015	18	15-19	107
2015	19	15-19	88
2015	20	15-19	60
2015	21	15-19	41
2015	22	15-19	11
2015	23	15-19	71
2015	24	15-19	46
2015	25	15-19	84
2015	26	15-19	118
2015	27	15-19	73
2015	28	15-19	18
2015	29	15-19	15
2015	30	15-19	47
2015	31	15-19	94
2015	32	15-19	39
2015	33	15-19	40
2015	34	15-19	10
2015	35	15-19	65
2015	36	15-19	9
2015	37	15-19	56
2015	38	15-19	14
2015	39	15-19	12
2015	40	15-19	16
2015	41	15-19	8
2015	42	15-19	0
2015	43	15-19	64
2015	44	15-19	51
2015	45	15-19	46
2015	46	15-19	48
2015	47	15-19	0
2015	48	15-19	17
2015	49	15-19	7
2015	50	15-19	48
2015	51	15-19	31
2015	52	15-19	45
2015	53	15-19	28
2015	54	15-19	16
2015	55	15-19	31
2015	56	15-19	2
2015	57	15-19	33
2015	58	15-19	3
2015	59	15-19	38
2015	60	15-19	62
2015	61	15-19	48
2015	62	15-19	20
2015	63	15-19	50
2015	64	15-19	77
2015	65	15-19	34
2015	66	15-19	46
2015	67	15-19	11
2015	68	15-19	44
2015	69	15-19	23
2015	70	15-19	91
2015	71	15-19	41
2015	72	15-19	46
2015	73	15-19	46
2015	99	15-19	0
2015	1	20-24	752
2015	2	20-24	423
2015	3	20-24	234
2015	4	20-24	388
2015	5	20-24	266
2015	6	20-24	408
2015	7	20-24	400
2015	8	20-24	383
2015	9	20-24	454
2015	10	20-24	272
2015	11	20-24	338
2015	12	20-24	6
2015	13	20-24	126
2015	14	20-24	93
2015	15	20-24	132
2015	16	20-24	98
2015	17	20-24	194
2015	18	20-24	251
2015	19	20-24	189
2015	20	20-24	124
2015	21	20-24	57
2015	22	20-24	13
2015	23	20-24	80
2015	24	20-24	83
2015	25	20-24	130
2015	26	20-24	242
2015	27	20-24	137
2015	28	20-24	68
2015	29	20-24	43
2015	30	20-24	65
2015	31	20-24	437
2015	32	20-24	172
2015	33	20-24	130
2015	34	20-24	42
2015	35	20-24	170
2015	36	20-24	21
2015	37	20-24	129
2015	38	20-24	57
2015	39	20-24	36
2015	40	20-24	22
2015	41	20-24	13
2015	42	20-24	5
2015	43	20-24	89
2015	44	20-24	109
2015	45	20-24	109
2015	46	20-24	76
2015	47	20-24	2
2015	48	20-24	34
2015	49	20-24	7
2015	50	20-24	116
2015	51	20-24	81
2015	52	20-24	118
2015	53	20-24	41
2015	54	20-24	14
2015	55	20-24	82
2015	56	20-24	6
2015	57	20-24	88
2015	58	20-24	9
2015	59	20-24	55
2015	60	20-24	148
2015	61	20-24	121
2015	62	20-24	66
2015	63	20-24	97
2015	64	20-24	199
2015	65	20-24	118
2015	66	20-24	161
2015	67	20-24	35
2015	68	20-24	103
2015	69	20-24	51
2015	70	20-24	152
2015	71	20-24	85
2015	72	20-24	99
2015	73	20-24	107
2015	99	20-24	2
2015	1	25-29	1242
2015	2	25-29	580
2015	3	25-29	414
2015	4	25-29	684
2015	5	25-29	445
2015	6	25-29	803
2015	7	25-29	705
2015	8	25-29	742
2015	9	25-29	841
2015	10	25-29	520
2015	11	25-29	628
2015	12	25-29	3
2015	13	25-29	212
2015	14	25-29	184
2015	15	25-29	239
2015	16	25-29	167
2015	17	25-29	291
2015	18	25-29	528
2015	19	25-29	398
2015	20	25-29	259
2015	21	25-29	81
2015	22	25-29	25
2015	23	25-29	145
2015	24	25-29	58
2015	25	25-29	167
2015	26	25-29	313
2015	27	25-29	281
2015	28	25-29	134
2015	29	25-29	74
2015	30	25-29	91
2015	31	25-29	872
2015	32	25-29	377
2015	33	25-29	238
2015	34	25-29	93
2015	35	25-29	302
2015	36	25-29	29
2015	37	25-29	192
2015	38	25-29	71
2015	39	25-29	42
2015	40	25-29	38
2015	41	25-29	31
2015	42	25-29	4
2015	43	25-29	143
2015	44	25-29	147
2015	45	25-29	155
2015	46	25-29	120
2015	47	25-29	3
2015	48	25-29	64
2015	49	25-29	22
2015	50	25-29	116
2015	51	25-29	103
2015	52	25-29	175
2015	53	25-29	60
2015	54	25-29	16
2015	55	25-29	82
2015	56	25-29	11
2015	57	25-29	100
2015	58	25-29	10
2015	59	25-29	78
2015	60	25-29	281
2015	61	25-29	192
2015	62	25-29	104
2015	63	25-29	168
2015	64	25-29	408
2015	65	25-29	213
2015	66	25-29	158
2015	67	25-29	69
2015	68	25-29	285
2015	69	25-29	81
2015	70	25-29	240
2015	71	25-29	148
2015	72	25-29	167
2015	73	25-29	156
2015	99	25-29	0
2015	1	30-34	958
2015	2	30-34	347
2015	3	30-34	340
2015	4	30-34	477
2015	5	30-34	347
2015	6	30-34	585
2015	7	30-34	470
2015	8	30-34	510
2015	9	30-34	604
2015	10	30-34	428
2015	11	30-34	542
2015	12	30-34	16
2015	13	30-34	197
2015	14	30-34	119
2015	15	30-34	229
2015	16	30-34	155
2015	17	30-34	227
2015	18	30-34	432
2015	19	30-34	325
2015	20	30-34	222
2015	21	30-34	71
2015	22	30-34	29
2015	23	30-34	115
2015	24	30-34	65
2015	25	30-34	155
2015	26	30-34	325
2015	27	30-34	259
2015	28	30-34	116
2015	29	30-34	52
2015	30	30-34	92
2015	31	30-34	729
2015	32	30-34	317
2015	33	30-34	216
2015	34	30-34	53
2015	35	30-34	301
2015	36	30-34	36
2015	37	30-34	181
2015	38	30-34	68
2015	39	30-34	47
2015	40	30-34	17
2015	41	30-34	22
2015	42	30-34	6
2015	43	30-34	122
2015	44	30-34	135
2015	45	30-34	134
2015	46	30-34	99
2015	47	30-34	3
2015	48	30-34	54
2015	49	30-34	15
2015	50	30-34	126
2015	51	30-34	70
2015	52	30-34	142
2015	53	30-34	48
2015	54	30-34	11
2015	55	30-34	81
2015	56	30-34	5
2015	57	30-34	107
2015	58	30-34	15
2015	59	30-34	70
2015	60	30-34	270
2015	61	30-34	182
2015	62	30-34	88
2015	63	30-34	126
2015	64	30-34	347
2015	65	30-34	226
2015	66	30-34	147
2015	67	30-34	71
2015	68	30-34	310
2015	69	30-34	98
2015	70	30-34	213
2015	71	30-34	142
2015	72	30-34	129
2015	73	30-34	142
2015	99	30-34	1
2015	1	35-39	593
2015	2	35-39	227
2015	3	35-39	160
2015	4	35-39	300
2015	5	35-39	219
2015	6	35-39	380
2015	7	35-39	316
2015	8	35-39	277
2015	9	35-39	381
2015	10	35-39	290
2015	11	35-39	388
2015	12	35-39	6
2015	13	35-39	171
2015	14	35-39	83
2015	15	35-39	133
2015	16	35-39	129
2015	17	35-39	172
2015	18	35-39	307
2015	19	35-39	263
2015	20	35-39	142
2015	21	35-39	72
2015	22	35-39	27
2015	23	35-39	117
2015	24	35-39	74
2015	25	35-39	117
2015	26	35-39	218
2015	27	35-39	165
2015	28	35-39	81
2015	29	35-39	41
2015	30	35-39	62
2015	31	35-39	404
2015	32	35-39	214
2015	33	35-39	120
2015	34	35-39	46
2015	35	35-39	189
2015	36	35-39	29
2015	37	35-39	133
2015	38	35-39	43
2015	39	35-39	30
2015	40	35-39	28
2015	41	35-39	18
2015	42	35-39	2
2015	43	35-39	126
2015	44	35-39	105
2015	45	35-39	116
2015	46	35-39	92
2015	47	35-39	8
2015	48	35-39	43
2015	49	35-39	20
2015	50	35-39	103
2015	51	35-39	83
2015	52	35-39	128
2015	53	35-39	46
2015	54	35-39	15
2015	55	35-39	85
2015	56	35-39	9
2015	57	35-39	90
2015	58	35-39	12
2015	59	35-39	63
2015	60	35-39	239
2015	61	35-39	149
2015	62	35-39	61
2015	63	35-39	96
2015	64	35-39	218
2015	65	35-39	157
2015	66	35-39	105
2015	67	35-39	66
2015	68	35-39	228
2015	69	35-39	99
2015	70	35-39	224
2015	71	35-39	120
2015	72	35-39	98
2015	73	35-39	118
2015	99	35-39	1
2015	1	40-44	396
2015	2	40-44	147
2015	3	40-44	115
2015	4	40-44	158
2015	5	40-44	166
2015	6	40-44	220
2015	7	40-44	191
2015	8	40-44	200
2015	9	40-44	224
2015	10	40-44	175
2015	11	40-44	207
2015	12	40-44	1
2015	13	40-44	121
2015	14	40-44	46
2015	15	40-44	90
2015	16	40-44	61
2015	17	40-44	99
2015	18	40-44	190
2015	19	40-44	163
2015	20	40-44	110
2015	21	40-44	78
2015	22	40-44	23
2015	23	40-44	132
2015	24	40-44	57
2015	25	40-44	105
2015	26	40-44	180
2015	27	40-44	92
2015	28	40-44	52
2015	29	40-44	26
2015	30	40-44	32
2015	31	40-44	234
2015	32	40-44	102
2015	33	40-44	85
2015	34	40-44	25
2015	35	40-44	137
2015	36	40-44	26
2015	37	40-44	87
2015	38	40-44	29
2015	39	40-44	13
2015	40	40-44	16
2015	41	40-44	20
2015	42	40-44	4
2015	43	40-44	76
2015	44	40-44	98
2015	45	40-44	120
2015	46	40-44	70
2015	47	40-44	7
2015	48	40-44	54
2015	49	40-44	20
2015	50	40-44	60
2015	51	40-44	45
2015	52	40-44	76
2015	53	40-44	37
2015	54	40-44	10
2015	55	40-44	42
2015	56	40-44	4
2015	57	40-44	62
2015	58	40-44	10
2015	59	40-44	67
2015	60	40-44	166
2015	61	40-44	97
2015	62	40-44	46
2015	63	40-44	78
2015	64	40-44	154
2015	65	40-44	95
2015	66	40-44	68
2015	67	40-44	53
2015	68	40-44	156
2015	69	40-44	78
2015	70	40-44	138
2015	71	40-44	94
2015	72	40-44	77
2015	73	40-44	101
2015	99	40-44	1
2015	1	45-49	280
2015	2	45-49	96
2015	3	45-49	66
2015	4	45-49	105
2015	5	45-49	94
2015	6	45-49	141
2015	7	45-49	139
2015	8	45-49	140
2015	9	45-49	161
2015	10	45-49	91
2015	11	45-49	144
2015	12	45-49	3
2015	13	45-49	73
2015	14	45-49	27
2015	15	45-49	62
2015	16	45-49	46
2015	17	45-49	80
2015	18	45-49	156
2015	19	45-49	114
2015	20	45-49	55
2015	21	45-49	52
2015	22	45-49	28
2015	23	45-49	95
2015	24	45-49	65
2015	25	45-49	74
2015	26	45-49	164
2015	27	45-49	72
2015	28	45-49	31
2015	29	45-49	17
2015	30	45-49	32
2015	31	45-49	141
2015	32	45-49	55
2015	33	45-49	62
2015	34	45-49	22
2015	35	45-49	92
2015	36	45-49	13
2015	37	45-49	63
2015	38	45-49	22
2015	39	45-49	19
2015	40	45-49	17
2015	41	45-49	13
2015	42	45-49	2
2015	43	45-49	69
2015	44	45-49	66
2015	45	45-49	70
2015	46	45-49	53
2015	47	45-49	5
2015	48	45-49	24
2015	49	45-49	11
2015	50	45-49	45
2015	51	45-49	27
2015	52	45-49	75
2015	53	45-49	19
2015	54	45-49	6
2015	55	45-49	41
2015	56	45-49	4
2015	57	45-49	35
2015	58	45-49	3
2015	59	45-49	37
2015	60	45-49	117
2015	61	45-49	71
2015	62	45-49	42
2015	63	45-49	60
2015	64	45-49	98
2015	65	45-49	81
2015	66	45-49	38
2015	67	45-49	37
2015	68	45-49	89
2015	69	45-49	36
2015	70	45-49	103
2015	71	45-49	52
2015	72	45-49	53
2015	73	45-49	63
2015	99	45-49	0
2015	1	50-54	162
2015	2	50-54	60
2015	3	50-54	38
2015	4	50-54	71
2015	5	50-54	71
2015	6	50-54	118
2015	7	50-54	114
2015	8	50-54	116
2015	9	50-54	128
2015	10	50-54	76
2015	11	50-54	91
2015	12	50-54	4
2015	13	50-54	60
2015	14	50-54	31
2015	15	50-54	35
2015	16	50-54	38
2015	17	50-54	70
2015	18	50-54	87
2015	19	50-54	89
2015	20	50-54	52
2015	21	50-54	53
2015	22	50-54	10
2015	23	50-54	57
2015	24	50-54	37
2015	25	50-54	64
2015	26	50-54	111
2015	27	50-54	71
2015	28	50-54	24
2015	29	50-54	12
2015	30	50-54	15
2015	31	50-54	104
2015	32	50-54	59
2015	33	50-54	53
2015	34	50-54	19
2015	35	50-54	63
2015	36	50-54	7
2015	37	50-54	64
2015	38	50-54	21
2015	39	50-54	12
2015	40	50-54	11
2015	41	50-54	12
2015	42	50-54	2
2015	43	50-54	42
2015	44	50-54	51
2015	45	50-54	51
2015	46	50-54	36
2015	47	50-54	1
2015	48	50-54	18
2015	49	50-54	6
2015	50	50-54	34
2015	51	50-54	30
2015	52	50-54	55
2015	53	50-54	13
2015	54	50-54	6
2015	55	50-54	27
2015	56	50-54	2
2015	57	50-54	28
2015	58	50-54	5
2015	59	50-54	35
2015	60	50-54	76
2015	61	50-54	52
2015	62	50-54	22
2015	63	50-54	45
2015	64	50-54	76
2015	65	50-54	51
2015	66	50-54	30
2015	67	50-54	24
2015	68	50-54	51
2015	69	50-54	23
2015	70	50-54	55
2015	71	50-54	31
2015	72	50-54	58
2015	73	50-54	55
2015	99	50-54	0
2015	1	55-59	114
2015	2	55-59	50
2015	3	55-59	23
2015	4	55-59	50
2015	5	55-59	53
2015	6	55-59	81
2015	7	55-59	71
2015	8	55-59	71
2015	9	55-59	105
2015	10	55-59	70
2015	11	55-59	70
2015	12	55-59	2
2015	13	55-59	35
2015	14	55-59	17
2015	15	55-59	25
2015	16	55-59	26
2015	17	55-59	41
2015	18	55-59	61
2015	19	55-59	60
2015	20	55-59	36
2015	21	55-59	21
2015	22	55-59	7
2015	23	55-59	38
2015	24	55-59	17
2015	25	55-59	42
2015	26	55-59	81
2015	27	55-59	43
2015	28	55-59	22
2015	29	55-59	11
2015	30	55-59	19
2015	31	55-59	73
2015	32	55-59	46
2015	33	55-59	40
2015	34	55-59	22
2015	35	55-59	61
2015	36	55-59	4
2015	37	55-59	37
2015	38	55-59	10
2015	39	55-59	8
2015	40	55-59	12
2015	41	55-59	4
2015	42	55-59	1
2015	43	55-59	44
2015	44	55-59	49
2015	45	55-59	34
2015	46	55-59	22
2015	47	55-59	4
2015	48	55-59	19
2015	49	55-59	5
2015	50	55-59	21
2015	51	55-59	19
2015	52	55-59	37
2015	53	55-59	16
2015	54	55-59	6
2015	55	55-59	16
2015	56	55-59	1
2015	57	55-59	19
2015	58	55-59	7
2015	59	55-59	17
2015	60	55-59	64
2015	61	55-59	34
2015	62	55-59	14
2015	63	55-59	25
2015	64	55-59	51
2015	65	55-59	36
2015	66	55-59	22
2015	67	55-59	16
2015	68	55-59	48
2015	69	55-59	15
2015	70	55-59	52
2015	71	55-59	29
2015	72	55-59	36
2015	73	55-59	41
2015	99	55-59	0
2015	1	60-64	81
2015	2	60-64	33
2015	3	60-64	12
2015	4	60-64	30
2015	5	60-64	23
2015	6	60-64	49
2015	7	60-64	79
2015	8	60-64	54
2015	9	60-64	75
2015	10	60-64	39
2015	11	60-64	56
2015	12	60-64	2
2015	13	60-64	32
2015	14	60-64	19
2015	15	60-64	17
2015	16	60-64	25
2015	17	60-64	35
2015	18	60-64	46
2015	19	60-64	40
2015	20	60-64	32
2015	21	60-64	13
2015	22	60-64	4
2015	23	60-64	26
2015	24	60-64	15
2015	25	60-64	27
2015	26	60-64	63
2015	27	60-64	36
2015	28	60-64	14
2015	29	60-64	7
2015	30	60-64	11
2015	31	60-64	63
2015	32	60-64	40
2015	33	60-64	32
2015	34	60-64	11
2015	35	60-64	32
2015	36	60-64	5
2015	37	60-64	35
2015	38	60-64	6
2015	39	60-64	7
2015	40	60-64	5
2015	41	60-64	7
2015	42	60-64	0
2015	43	60-64	26
2015	44	60-64	21
2015	45	60-64	24
2015	46	60-64	19
2015	47	60-64	0
2015	48	60-64	14
2015	49	60-64	6
2015	50	60-64	19
2015	51	60-64	15
2015	52	60-64	17
2015	53	60-64	6
2015	54	60-64	4
2015	55	60-64	17
2015	56	60-64	1
2015	57	60-64	8
2015	58	60-64	6
2015	59	60-64	12
2015	60	60-64	50
2015	61	60-64	35
2015	62	60-64	11
2015	63	60-64	25
2015	64	60-64	49
2015	65	60-64	32
2015	66	60-64	15
2015	67	60-64	10
2015	68	60-64	34
2015	69	60-64	19
2015	70	60-64	18
2015	71	60-64	22
2015	72	60-64	29
2015	73	60-64	31
2015	99	60-64	0
2015	1	65-69	51
2015	2	65-69	16
2015	3	65-69	19
2015	4	65-69	20
2015	5	65-69	30
2015	6	65-69	57
2015	7	65-69	60
2015	8	65-69	42
2015	9	65-69	71
2015	10	65-69	28
2015	11	65-69	20
2015	12	65-69	0
2015	13	65-69	26
2015	14	65-69	7
2015	15	65-69	22
2015	16	65-69	17
2015	17	65-69	24
2015	18	65-69	35
2015	19	65-69	55
2015	20	65-69	23
2015	21	65-69	15
2015	22	65-69	0
2015	23	65-69	22
2015	24	65-69	15
2015	25	65-69	18
2015	26	65-69	47
2015	27	65-69	21
2015	28	65-69	17
2015	29	65-69	5
2015	30	65-69	19
2015	31	65-69	51
2015	32	65-69	21
2015	33	65-69	23
2015	34	65-69	9
2015	35	65-69	30
2015	36	65-69	8
2015	37	65-69	16
2015	38	65-69	9
2015	39	65-69	4
2015	40	65-69	2
2015	41	65-69	3
2015	42	65-69	0
2015	43	65-69	8
2015	44	65-69	11
2015	45	65-69	12
2015	46	65-69	11
2015	47	65-69	1
2015	48	65-69	11
2015	49	65-69	7
2015	50	65-69	12
2015	51	65-69	5
2015	52	65-69	15
2015	53	65-69	4
2015	54	65-69	0
2015	55	65-69	6
2015	56	65-69	1
2015	57	65-69	6
2015	58	65-69	1
2015	59	65-69	8
2015	60	65-69	30
2015	61	65-69	26
2015	62	65-69	10
2015	63	65-69	13
2015	64	65-69	40
2015	65	65-69	26
2015	66	65-69	12
2015	67	65-69	10
2015	68	65-69	25
2015	69	65-69	14
2015	70	65-69	11
2015	71	65-69	20
2015	72	65-69	26
2015	73	65-69	25
2015	99	65-69	0
2015	1	70-74	32
2015	2	70-74	13
2015	3	70-74	8
2015	4	70-74	17
2015	5	70-74	17
2015	6	70-74	33
2015	7	70-74	39
2015	8	70-74	24
2015	9	70-74	39
2015	10	70-74	12
2015	11	70-74	20
2015	12	70-74	0
2015	13	70-74	13
2015	14	70-74	11
2015	15	70-74	14
2015	16	70-74	11
2015	17	70-74	15
2015	18	70-74	13
2015	19	70-74	33
2015	20	70-74	24
2015	21	70-74	11
2015	22	70-74	0
2015	23	70-74	10
2015	24	70-74	9
2015	25	70-74	21
2015	26	70-74	38
2015	27	70-74	21
2015	28	70-74	10
2015	29	70-74	5
2015	30	70-74	5
2015	31	70-74	25
2015	32	70-74	25
2015	33	70-74	17
2015	34	70-74	5
2015	35	70-74	20
2015	36	70-74	3
2015	37	70-74	13
2015	38	70-74	6
2015	39	70-74	1
2015	40	70-74	4
2015	41	70-74	2
2015	42	70-74	0
2015	43	70-74	12
2015	44	70-74	7
2015	45	70-74	11
2015	46	70-74	5
2015	47	70-74	0
2015	48	70-74	14
2015	49	70-74	3
2015	50	70-74	10
2015	51	70-74	8
2015	52	70-74	7
2015	53	70-74	1
2015	54	70-74	2
2015	55	70-74	4
2015	56	70-74	0
2015	57	70-74	2
2015	58	70-74	2
2015	59	70-74	4
2015	60	70-74	31
2015	61	70-74	15
2015	62	70-74	6
2015	63	70-74	14
2015	64	70-74	31
2015	65	70-74	13
2015	66	70-74	4
2015	67	70-74	5
2015	68	70-74	14
2015	69	70-74	9
2015	70	70-74	11
2015	71	70-74	15
2015	72	70-74	11
2015	73	70-74	15
2015	99	70-74	0
2015	1	75-79	14
2015	2	75-79	10
2015	3	75-79	7
2015	4	75-79	7
2015	5	75-79	9
2015	6	75-79	20
2015	7	75-79	23
2015	8	75-79	23
2015	9	75-79	23
2015	10	75-79	12
2015	11	75-79	20
2015	12	75-79	0
2015	13	75-79	8
2015	14	75-79	7
2015	15	75-79	6
2015	16	75-79	6
2015	17	75-79	14
2015	18	75-79	14
2015	19	75-79	21
2015	20	75-79	10
2015	21	75-79	7
2015	22	75-79	3
2015	23	75-79	10
2015	24	75-79	8
2015	25	75-79	14
2015	26	75-79	31
2015	27	75-79	7
2015	28	75-79	5
2015	29	75-79	3
2015	30	75-79	4
2015	31	75-79	9
2015	32	75-79	15
2015	33	75-79	10
2015	34	75-79	5
2015	35	75-79	10
2015	36	75-79	3
2015	37	75-79	10
2015	38	75-79	9
2015	39	75-79	4
2015	40	75-79	4
2015	41	75-79	5
2015	42	75-79	0
2015	43	75-79	7
2015	44	75-79	9
2015	45	75-79	7
2015	46	75-79	3
2015	47	75-79	0
2015	48	75-79	5
2015	49	75-79	1
2015	50	75-79	10
2015	51	75-79	4
2015	52	75-79	11
2015	53	75-79	2
2015	54	75-79	1
2015	55	75-79	1
2015	56	75-79	4
2015	57	75-79	4
2015	58	75-79	1
2015	59	75-79	3
2015	60	75-79	18
2015	61	75-79	10
2015	62	75-79	6
2015	63	75-79	10
2015	64	75-79	16
2015	65	75-79	7
2015	66	75-79	2
2015	67	75-79	2
2015	68	75-79	10
2015	69	75-79	5
2015	70	75-79	3
2015	71	75-79	7
2015	72	75-79	6
2015	73	75-79	4
2015	99	75-79	0
2015	1	80-84	13
2015	2	80-84	7
2015	3	80-84	1
2015	4	80-84	9
2015	5	80-84	5
2015	6	80-84	21
2015	7	80-84	19
2015	8	80-84	20
2015	9	80-84	31
2015	10	80-84	15
2015	11	80-84	14
2015	12	80-84	0
2015	13	80-84	6
2015	14	80-84	4
2015	15	80-84	6
2015	16	80-84	6
2015	17	80-84	5
2015	18	80-84	16
2015	19	80-84	19
2015	20	80-84	16
2015	21	80-84	3
2015	22	80-84	1
2015	23	80-84	10
2015	24	80-84	5
2015	25	80-84	18
2015	26	80-84	15
2015	27	80-84	9
2015	28	80-84	2
2015	29	80-84	2
2015	30	80-84	3
2015	31	80-84	15
2015	32	80-84	14
2015	33	80-84	5
2015	34	80-84	4
2015	35	80-84	12
2015	36	80-84	2
2015	37	80-84	8
2015	38	80-84	3
2015	39	80-84	5
2015	40	80-84	2
2015	41	80-84	1
2015	42	80-84	0
2015	43	80-84	14
2015	44	80-84	15
2015	45	80-84	7
2015	46	80-84	5
2015	47	80-84	0
2015	48	80-84	3
2015	49	80-84	3
2015	50	80-84	4
2015	51	80-84	1
2015	52	80-84	9
2015	53	80-84	0
2015	54	80-84	0
2015	55	80-84	4
2015	56	80-84	3
2015	57	80-84	1
2015	58	80-84	0
2015	59	80-84	8
2015	60	80-84	26
2015	61	80-84	11
2015	62	80-84	4
2015	63	80-84	7
2015	64	80-84	13
2015	65	80-84	2
2015	66	80-84	6
2015	67	80-84	3
2015	68	80-84	9
2015	69	80-84	5
2015	70	80-84	15
2015	71	80-84	9
2015	72	80-84	11
2015	73	80-84	11
2015	99	80-84	0
2015	1	85-89	7
2015	2	85-89	2
2015	3	85-89	2
2015	4	85-89	5
2015	5	85-89	14
2015	6	85-89	15
2015	7	85-89	14
2015	8	85-89	14
2015	9	85-89	15
2015	10	85-89	7
2015	11	85-89	10
2015	12	85-89	1
2015	13	85-89	9
2015	14	85-89	9
2015	15	85-89	6
2015	16	85-89	5
2015	17	85-89	4
2015	18	85-89	17
2015	19	85-89	19
2015	20	85-89	9
2015	21	85-89	2
2015	22	85-89	3
2015	23	85-89	14
2015	24	85-89	12
2015	25	85-89	10
2015	26	85-89	9
2015	27	85-89	2
2015	28	85-89	2
2015	29	85-89	5
2015	30	85-89	6
2015	31	85-89	18
2015	32	85-89	13
2015	33	85-89	7
2015	34	85-89	3
2015	35	85-89	12
2015	36	85-89	1
2015	37	85-89	11
2015	38	85-89	3
2015	39	85-89	5
2015	40	85-89	5
2015	41	85-89	0
2015	42	85-89	0
2015	43	85-89	15
2015	44	85-89	11
2015	45	85-89	5
2015	46	85-89	5
2015	47	85-89	0
2015	48	85-89	6
2015	49	85-89	1
2015	50	85-89	3
2015	51	85-89	3
2015	52	85-89	11
2015	53	85-89	1
2015	54	85-89	1
2015	55	85-89	1
2015	56	85-89	3
2015	57	85-89	1
2015	58	85-89	0
2015	59	85-89	2
2015	60	85-89	20
2015	61	85-89	10
2015	62	85-89	4
2015	63	85-89	3
2015	64	85-89	12
2015	65	85-89	4
2015	66	85-89	5
2015	67	85-89	2
2015	68	85-89	5
2015	69	85-89	7
2015	70	85-89	4
2015	71	85-89	2
2015	72	85-89	8
2015	73	85-89	7
2015	99	85-89	0
2015	1	90-94	1
2015	2	90-94	1
2015	3	90-94	2
2015	4	90-94	0
2015	5	90-94	3
2015	6	90-94	3
2015	7	90-94	14
2015	8	90-94	7
2015	9	90-94	9
2015	10	90-94	4
2015	11	90-94	4
2015	12	90-94	0
2015	13	90-94	2
2015	14	90-94	3
2015	15	90-94	5
2015	16	90-94	9
2015	17	90-94	7
2015	18	90-94	8
2015	19	90-94	5
2015	20	90-94	6
2015	21	90-94	0
2015	22	90-94	0
2015	23	90-94	6
2015	24	90-94	6
2015	25	90-94	2
2015	26	90-94	8
2015	27	90-94	4
2015	28	90-94	2
2015	29	90-94	1
2015	30	90-94	5
2015	31	90-94	8
2015	32	90-94	2
2015	33	90-94	7
2015	34	90-94	3
2015	35	90-94	6
2015	36	90-94	2
2015	37	90-94	3
2015	38	90-94	0
2015	39	90-94	2
2015	40	90-94	0
2015	41	90-94	0
2015	42	90-94	0
2015	43	90-94	8
2015	44	90-94	5
2015	45	90-94	5
2015	46	90-94	2
2015	47	90-94	0
2015	48	90-94	3
2015	49	90-94	1
2015	50	90-94	2
2015	51	90-94	1
2015	52	90-94	3
2015	53	90-94	1
2015	54	90-94	0
2015	55	90-94	0
2015	56	90-94	1
2015	57	90-94	2
2015	58	90-94	0
2015	59	90-94	3
2015	60	90-94	6
2015	61	90-94	1
2015	62	90-94	1
2015	63	90-94	1
2015	64	90-94	1
2015	65	90-94	1
2015	66	90-94	5
2015	67	90-94	0
2015	68	90-94	3
2015	69	90-94	1
2015	70	90-94	2
2015	71	90-94	2
2015	72	90-94	2
2015	73	90-94	5
2015	99	90-94	0
2015	1	95-99	0
2015	2	95-99	1
2015	3	95-99	0
2015	4	95-99	0
2015	5	95-99	0
2015	6	95-99	4
2015	7	95-99	2
2015	8	95-99	2
2015	9	95-99	0
2015	10	95-99	3
2015	11	95-99	0
2015	12	95-99	0
2015	13	95-99	1
2015	14	95-99	0
2015	15	95-99	1
2015	16	95-99	1
2015	17	95-99	2
2015	18	95-99	1
2015	19	95-99	2
2015	20	95-99	2
2015	21	95-99	0
2015	22	95-99	0
2015	23	95-99	1
2015	24	95-99	1
2015	25	95-99	1
2015	26	95-99	4
2015	27	95-99	1
2015	28	95-99	0
2015	29	95-99	1
2015	30	95-99	1
2015	31	95-99	3
2015	32	95-99	2
2015	33	95-99	4
2015	34	95-99	0
2015	35	95-99	0
2015	36	95-99	1
2015	37	95-99	0
2015	38	95-99	0
2015	39	95-99	0
2015	40	95-99	0
2015	41	95-99	0
2015	42	95-99	0
2015	43	95-99	1
2015	44	95-99	0
2015	45	95-99	2
2015	46	95-99	0
2015	47	95-99	0
2015	48	95-99	0
2015	49	95-99	0
2015	50	95-99	1
2015	51	95-99	0
2015	52	95-99	0
2015	53	95-99	0
2015	54	95-99	0
2015	55	95-99	0
2015	56	95-99	0
2015	57	95-99	0
2015	58	95-99	0
2015	59	95-99	0
2015	60	95-99	0
2015	61	95-99	2
2015	62	95-99	1
2015	63	95-99	1
2015	64	95-99	1
2015	65	95-99	1
2015	66	95-99	0
2015	67	95-99	0
2015	68	95-99	0
2015	69	95-99	0
2015	70	95-99	1
2015	71	95-99	0
2015	72	95-99	1
2015	73	95-99	1
2015	99	95-99	0
2015	1	>=100	1
2015	2	>=100	0
2015	3	>=100	0
2015	4	>=100	0
2015	5	>=100	0
2015	6	>=100	1
2015	7	>=100	0
2015	8	>=100	0
2015	9	>=100	0
2015	10	>=100	0
2015	11	>=100	0
2015	12	>=100	0
2015	13	>=100	0
2015	14	>=100	1
2015	15	>=100	0
2015	16	>=100	0
2015	17	>=100	2
2015	18	>=100	1
2015	19	>=100	0
2015	20	>=100	1
2015	21	>=100	0
2015	22	>=100	0
2015	23	>=100	0
2015	24	>=100	0
2015	25	>=100	0
2015	26	>=100	0
2015	27	>=100	0
2015	28	>=100	0
2015	29	>=100	0
2015	30	>=100	1
2015	31	>=100	1
2015	32	>=100	0
2015	33	>=100	0
2015	34	>=100	0
2015	35	>=100	0
2015	36	>=100	0
2015	37	>=100	0
2015	38	>=100	0
2015	39	>=100	0
2015	40	>=100	0
2015	41	>=100	0
2015	42	>=100	0
2015	43	>=100	0
2015	44	>=100	0
2015	45	>=100	0
2015	46	>=100	0
2015	47	>=100	0
2015	48	>=100	0
2015	49	>=100	0
2015	50	>=100	0
2015	51	>=100	0
2015	52	>=100	0
2015	53	>=100	0
2015	54	>=100	0
2015	55	>=100	0
2015	56	>=100	0
2015	57	>=100	0
2015	58	>=100	0
2015	59	>=100	0
2015	60	>=100	0
2015	61	>=100	0
2015	62	>=100	1
2015	63	>=100	0
2015	64	>=100	0
2015	65	>=100	0
2015	66	>=100	0
2015	67	>=100	0
2015	68	>=100	0
2015	69	>=100	0
2015	70	>=100	0
2015	71	>=100	0
2015	72	>=100	0
2015	73	>=100	0
2015	99	>=100	0
